Date,Close
2000-01-03,152.45
2000-01-04,150.8
2000-01-05,156.55
2000-01-06,168.25
2000-01-07,171.95
2000-01-10,182.25
2000-01-11,167.7
2000-01-12,165.3
2000-01-13,159.2
2000-01-14,158.7
2000-01-17,166.8
2000-01-18,172.8
2000-01-19,172.85
2000-01-20,163.1
2000-01-21,162.4
2000-01-24,151.15
2000-01-25,148.45
2000-01-27,148.3
2000-01-28,144.5
2000-01-31,139.35
2000-02-01,140.5
2000-02-02,141.05
2000-02-03,140
2000-02-04,140.1
2000-02-07,139
2000-02-08,141.1
2000-02-09,144.4
2000-02-10,141.85
2000-02-11,140.2
2000-02-14,134.65
2000-02-15,131.75
2000-02-16,135.35
2000-02-17,135.85
2000-02-18,133.2
2000-02-21,133.15
2000-02-22,131.25
2000-02-23,128.75
2000-02-24,128.9
2000-02-25,128.5
2000-02-28,130.75
2000-02-29,120.55
2000-03-01,115.75
2000-03-02,115.3
2000-03-03,106.45
2000-03-06,102.85
2000-03-07,97.15
2000-03-08,91.15
2000-03-09,96.05
2000-03-10,91.9
2000-03-13,90.35
2000-03-14,97.6
2000-03-15,105.45
2000-03-16,109.05
2000-03-21,108.5
2000-03-22,109.55
2000-03-23,104.25
2000-03-24,105.85
2000-03-27,104
2000-03-28,106.35
2000-03-29,104.85
2000-03-30,108.55
2000-03-31,115.15
2000-04-03,122.65
2000-04-04,114.15
2000-04-05,118.25
2000-04-06,115.2
2000-04-07,123.25
2000-04-10,120.6
2000-04-11,117.15
2000-04-12,116.7
2000-04-13,112.2
2000-04-17,114.4
2000-04-18,116
2000-04-19,115.95
2000-04-20,116.1
2000-04-24,111.95
2000-04-25,109.2
2000-04-26,115.5
2000-04-27,111.35
2000-04-28,108.1
2000-05-02,102
2000-05-03,103.05
2000-05-04,105.4
2000-05-05,107.15
2000-05-08,106.2
2000-05-09,104.6
2000-05-10,104.2
2000-05-11,102.65
2000-05-12,100.25
2000-05-15,101.9
2000-05-16,102.2
2000-05-17,105.1
2000-05-18,111.45
2000-05-19,113.5
2000-05-22,114.4
2000-05-23,115.45
2000-05-24,118.25
2000-05-25,114.45
2000-05-26,113.9
2000-05-29,116
2000-05-30,116.55
2000-05-31,122.2
2000-06-01,119.25
2000-06-02,133.6
2000-06-05,130.3
2000-06-06,133.95
2000-06-07,130.6
2000-06-08,133.15
2000-06-09,132.65
2000-06-12,129.15
2000-06-13,125.75
2000-06-14,128.3
2000-06-15,127.15
2000-06-16,130.35
2000-06-19,128.95
2000-06-20,127.35
2000-06-21,123.45
2000-06-22,124.75
2000-06-23,123.35
2000-06-26,121.8
2000-06-27,120.95
2000-06-28,121.95
2000-06-29,121.35
2000-06-30,118.45
2000-07-03,126.4
2000-07-04,128.3
2000-07-05,127.15
2000-07-06,127.9
2000-07-07,134.95
2000-07-10,134.25
2000-07-11,139.15
2000-07-12,140.6
2000-07-13,140.8
2000-07-14,138.05
2000-07-17,143.95
2000-07-18,140.4
2000-07-19,134.7
2000-07-20,136.15
2000-07-21,125.8
2000-07-24,116.5
2000-07-25,120
2000-07-26,116.45
2000-07-27,117.85
2000-07-28,118.2
2000-07-31,117.95
2000-08-01,118.05
2000-08-02,117.9
2000-08-03,114.95
2000-08-04,113.75
2000-08-07,108.15
2000-08-08,109.9
2000-08-09,112.1
2000-08-10,110.15
2000-08-11,107.2
2000-08-14,105.65
2000-08-16,107.65
2000-08-17,107.05
2000-08-18,106.5
2000-08-21,107.55
2000-08-22,111.5
2000-08-23,112.4
2000-08-24,110.4
2000-08-25,110.15
2000-08-28,110.7
2000-08-29,109.8
2000-08-30,110.15
2000-08-31,109
2000-09-04,110.9
2000-09-05,111.25
2000-09-06,113.05
2000-09-07,113.1
2000-09-08,111.55
2000-09-11,111.1
2000-09-12,109.2
2000-09-13,107.95
2000-09-14,106.55
2000-09-15,104.95
2000-09-18,101.7
2000-09-19,97.5
2000-09-20,99.35
2000-09-21,99.95
2000-09-22,95.55
2000-09-25,96.15
2000-09-26,95.7
2000-09-27,95.6
2000-09-28,94.45
2000-09-29,94.3
2000-10-03,95.65
2000-10-04,98.35
2000-10-05,97.25
2000-10-06,96.85
2000-10-09,95.95
2000-10-10,92.25
2000-10-11,88.05
2000-10-12,87.05
2000-10-13,89.75
2000-10-16,89.5
2000-10-17,88.4
2000-10-18,90.3
2000-10-19,97.1
2000-10-20,102.3
2000-10-23,96.25
2000-10-24,95.55
2000-10-25,98.1
2000-10-26,99.8
2000-10-27,99.35
2000-10-30,95.75
2000-10-31,96.6
2000-11-01,99.7
2000-11-02,103.45
2000-11-03,105.65
2000-11-06,105.55
2000-11-07,105.35
2000-11-08,106.6
2000-11-09,105.85
2000-11-10,101.85
2000-11-13,103.8
2000-11-14,107.9
2000-11-15,108.5
2000-11-16,107.1
2000-11-17,107.95
2000-11-20,108.8
2000-11-21,109.05
2000-11-22,110.9
2000-11-23,111.6
2000-11-24,115.9
2000-11-27,119.8
2000-11-28,121.15
2000-11-29,118.85
2000-11-30,123.1
2000-12-01,122.55
2000-12-04,125.05
2000-12-05,126.95
2000-12-06,126
2000-12-07,129.55
2000-12-08,130.8
2000-12-11,128.7
2000-12-12,126.45
2000-12-13,128.05
2000-12-14,127.45
2000-12-15,123.15
2000-12-18,123.95
2000-12-19,126.75
2000-12-20,125.6
2000-12-21,125.05
2000-12-22,122
2000-12-26,120.55
2000-12-27,122
2000-12-28,123.7
2000-12-29,130.1
2001-01-01,132.15
2001-01-02,134.6
2001-01-03,136.05
2001-01-04,134.5
2001-01-05,133.05
2001-01-08,129
2001-01-09,127
2001-01-10,127
2001-01-11,126.8
2001-01-12,127.95
2001-01-15,132.55
2001-01-16,131.5
2001-01-17,124.65
2001-01-18,127.7
2001-01-19,127.3
2001-01-22,129.5
2001-01-23,130.75
2001-01-24,132.15
2001-01-25,130.5
2001-01-29,128.25
2001-01-30,135.3
2001-01-31,137.35
2001-02-01,136.85
2001-02-02,142.6
2001-02-05,149.05
2001-02-06,152.65
2001-02-07,151.8
2001-02-08,158.65
2001-02-09,162.85
2001-02-12,157.8
2001-02-13,158.3
2001-02-14,158.65
2001-02-15,158.55
2001-02-16,153.5
2001-02-19,155.25
2001-02-20,156.8
2001-02-21,159.55
2001-02-22,155.3
2001-02-23,152
2001-02-26,154.3
2001-02-27,157.8
2001-02-28,154.5
2001-03-01,163
2001-03-02,157.1
2001-03-05,148.85
2001-03-07,149.2
2001-03-08,150.95
2001-03-09,142
2001-03-12,131.95
2001-03-13,111.05
2001-03-14,124.45
2001-03-15,132.85
2001-03-16,125.6
2001-03-19,133.3
2001-03-20,131.85
2001-03-21,137.15
2001-03-22,134.7
2001-03-23,133.25
2001-03-26,133.35
2001-03-27,130.35
2001-03-28,131.6
2001-03-29,128.05
2001-03-30,122.35
2001-04-02,115.75
2001-04-03,119.2
2001-04-04,119.2
2001-04-06,123.45
2001-04-09,126.65
2001-04-10,124.5
2001-04-11,122.1
2001-04-12,115
2001-04-16,120.55
2001-04-17,126.5
2001-04-18,132.35
2001-04-19,138.2
2001-04-20,133.95
2001-04-23,135.4
2001-04-24,135.15
2001-04-25,146.1
2001-04-26,140.65
2001-04-27,130.35
2001-04-30,134.35
2001-05-02,138.05
2001-05-03,133.8
2001-05-04,136.8
2001-05-07,137.4
2001-05-08,136.55
2001-05-09,135.95
2001-05-10,135.65
2001-05-11,133
2001-05-14,128.4
2001-05-15,126.9
2001-05-16,136.15
2001-05-17,138.6
2001-05-18,141.6
2001-05-21,144.2
2001-05-22,143.9
2001-05-23,141.2
2001-05-24,141.5
2001-05-25,140.3
2001-05-28,144.95
2001-05-29,145.25
2001-05-30,143.3
2001-05-31,141.2
2001-06-01,141.7
2001-06-04,137.45
2001-06-05,135.6
2001-06-06,134
2001-06-07,131.3
2001-06-08,132.1
2001-06-11,132.55
2001-06-12,131.85
2001-06-13,130.05
2001-06-14,128.5
2001-06-15,124.05
2001-06-18,123.15
2001-06-19,125.45
2001-06-20,123.8
2001-06-21,120.05
2001-06-22,117.9
2001-06-25,117.05
2001-06-26,118.7
2001-06-27,120.5
2001-06-28,117.5
2001-06-29,115.25
2001-07-02,119.7
2001-07-03,111.6
2001-07-04,106.6
2001-07-05,106
2001-07-06,101.6
2001-07-09,97.7
2001-07-10,104.25
2001-07-11,100.4
2001-07-12,104.1
2001-07-13,101.45
2001-07-16,103.95
2001-07-17,99.2
2001-07-18,100
2001-07-19,92.75
2001-07-20,93.05
2001-07-23,93.5
2001-07-24,91.1
2001-07-25,90.8
2001-07-26,89.85
2001-07-27,89.85
2001-07-30,90
2001-07-31,93.95
2001-08-01,91.9
2001-08-02,92.4
2001-08-03,92.95
2001-08-06,93
2001-08-07,92.25
2001-08-08,91.75
2001-08-09,92.2
2001-08-10,91.9
2001-08-13,90.9
2001-08-14,90.85
2001-08-16,90.65
2001-08-17,90.25
2001-08-20,89.35
2001-08-21,89
2001-08-23,86.95
2001-08-24,86.8
2001-08-27,86.4
2001-08-28,85
2001-08-29,82.35
2001-08-30,82.25
2001-08-31,80.1
2001-09-03,78.9
2001-09-04,83.45
2001-09-05,83.2
2001-09-06,84.05
2001-09-07,84.15
2001-09-10,83.95
2001-09-11,83.8
2001-09-12,80.95
2001-09-13,80.9
2001-09-14,76.5
2001-09-17,71.45
2001-09-18,73.1
2001-09-19,71.45
2001-09-20,71.95
2001-09-21,70.95
2001-09-24,72.55
2001-09-25,71.7
2001-09-26,71.35
2001-09-27,67.25
2001-09-28,69.3
2001-10-01,69.65
2001-10-03,69.8
2001-10-04,70.3
2001-10-05,72.1
2001-10-08,71.95
2001-10-09,72
2001-10-10,72.7
2001-10-11,72.6
2001-10-12,71.6
2001-10-15,73.4
2001-10-16,74.3
2001-10-17,76.4
2001-10-18,79.9
2001-10-19,78.9
2001-10-22,79.4
2001-10-23,80.05
2001-10-24,80
2001-10-25,80
2001-10-29,80.05
2001-10-30,78.25
2001-10-31,75.3
2001-11-01,75.3
2001-11-02,77
2001-11-05,77.8
2001-11-06,78.85
2001-11-07,78.5
2001-11-08,77.95
2001-11-09,82.3
2001-11-12,84.8
2001-11-13,85.05
2001-11-14,85.7
2001-11-15,85.4
2001-11-19,87.4
2001-11-20,87.55
2001-11-21,89.75
2001-11-22,91.55
2001-11-23,90.55
2001-11-26,94.4
2001-11-27,92.25
2001-11-28,91.75
2001-11-29,89.8
2001-12-03,91.95
2001-12-04,93.85
2001-12-05,92
2001-12-06,90.1
2001-12-07,93.3
2001-12-10,94.95
2001-12-11,96.75
2001-12-12,96.15
2001-12-13,92.45
2001-12-14,91.9
2001-12-18,89.85
2001-12-19,89.25
2001-12-20,92.2
2001-12-21,89.75
2001-12-24,87
2001-12-26,84.05
2001-12-27,80.7
2001-12-28,84.8
2001-12-31,87.1
2002-01-01,85.9
2002-01-02,87.6
2002-01-03,91.45
2002-01-04,95.3
2002-01-07,98.8
2002-01-08,99.15
2002-01-09,101.15
2002-01-10,104.3
2002-01-11,100.05
2002-01-14,101.9
2002-01-15,101.2
2002-01-16,103.6
2002-01-17,107.55
2002-01-18,108.9
2002-01-21,113.3
2002-01-22,108.1
2002-01-23,103.65
2002-01-24,100.3
2002-01-25,94.65
2002-01-28,96.5
2002-01-29,95.55
2002-01-30,99.4
2002-01-31,100.2
2002-02-01,101.05
2002-02-04,99.85
2002-02-05,98
2002-02-06,101
2002-02-07,100.1
2002-02-08,100.05
2002-02-11,103.1
2002-02-12,105.2
2002-02-13,104.35
2002-02-14,105.1
2002-02-15,109.7
2002-02-18,108.35
2002-02-19,104.8
2002-02-20,103.25
2002-02-21,103.3
2002-02-22,113.2
2002-02-25,112.65
2002-02-26,112.1
2002-02-27,110.85
2002-02-28,105.65
2002-03-01,105.95
2002-03-04,110
2002-03-05,106.2
2002-03-06,102.15
2002-03-07,103.3
2002-03-08,103.1
2002-03-11,101.9
2002-03-12,98.6
2002-03-13,100.2
2002-03-14,99.95
2002-03-15,100.05
2002-03-18,102.6
2002-03-19,101.6
2002-03-20,100.2
2002-03-21,99.9
2002-03-22,99.85
2002-03-26,99.8
2002-03-27,96.95
2002-03-28,97.75
2002-04-01,97.85
2002-04-02,99.55
2002-04-03,99.05
2002-04-04,99.7
2002-04-05,99.3
2002-04-08,100
2002-04-09,100.05
2002-04-10,100.3
2002-04-11,103.55
2002-04-12,104.85
2002-04-15,103.35
2002-04-16,102.3
2002-04-17,104.55
2002-04-18,110.2
2002-04-19,110.45
2002-04-22,109.45
2002-04-23,109.1
2002-04-24,109.8
2002-04-25,111.8
2002-04-26,113.45
2002-04-29,112.45
2002-04-30,111.4
2002-05-02,114.75
2002-05-03,114.4
2002-05-06,118.45
2002-05-07,118.6
2002-05-08,121.05
2002-05-09,120
2002-05-10,117.3
2002-05-13,116.95
2002-05-14,118.3
2002-05-15,116.85
2002-05-16,117.6
2002-05-17,117.55
2002-05-20,116.35
2002-05-21,111.8
2002-05-22,108.6
2002-05-23,104.75
2002-05-24,112.15
2002-05-27,112.45
2002-05-28,106.1
2002-05-29,106.45
2002-05-30,107.15
2002-05-31,109.55
2002-06-03,118.9
2002-06-04,120.5
2002-06-05,123.05
2002-06-06,120.4
2002-06-07,119.85
2002-06-10,127.15
2002-06-11,128.75
2002-06-12,130.65
2002-06-13,129.1
2002-06-14,132.05
2002-06-17,134.2
2002-06-18,132.2
2002-06-19,128.9
2002-06-20,128.1
2002-06-21,129.8
2002-06-24,132.65
2002-06-25,135.1
2002-06-26,131.85
2002-06-27,137.85
2002-06-28,140.8
2002-07-01,144.4
2002-07-02,142.35
2002-07-03,141.15
2002-07-04,144.65
2002-07-05,144.45
2002-07-08,143.4
2002-07-09,142.8
2002-07-10,141.8
2002-07-11,141.6
2002-07-12,143.5
2002-07-15,137.3
2002-07-16,135.75
2002-07-17,138.05
2002-07-18,136.95
2002-07-19,136.25
2002-07-22,134
2002-07-23,130.45
2002-07-24,131.6
2002-07-25,131.95
2002-07-26,124.1
2002-07-29,122.35
2002-07-30,118.85
2002-07-31,124.8
2002-08-01,122.8
2002-08-02,121.35
2002-08-05,124.65
2002-08-06,124.2
2002-08-07,124.15
2002-08-08,115.2
2002-08-09,117.75
2002-08-12,120
2002-08-13,120.15
2002-08-14,118.05
2002-08-16,118.9
2002-08-19,118.65
2002-08-20,118.25
2002-08-21,119.9
2002-08-22,121.4
2002-08-23,121.85
2002-08-26,122.6
2002-08-27,120.25
2002-08-28,120.45
2002-08-29,119.15
2002-08-30,123.55
2002-09-02,124
2002-09-03,122.8
2002-09-04,123
2002-09-05,124.65
2002-09-06,121.95
2002-09-09,120.9
2002-09-11,120.45
2002-09-12,120.45
2002-09-13,121.2
2002-09-16,120.35
2002-09-17,120.65
2002-09-18,118.7
2002-09-19,117.5
2002-09-20,117.15
2002-09-23,116.15
2002-09-24,115.95
2002-09-25,116.45
2002-09-26,115.7
2002-09-27,116.7
2002-09-30,116.25
2002-10-01,116.55
2002-10-03,117.1
2002-10-04,118.05
2002-10-07,120.75
2002-10-08,120.1
2002-10-09,119.65
2002-10-10,119.9
2002-10-11,120.7
2002-10-14,122.25
2002-10-16,122.45
2002-10-17,121.3
2002-10-18,119.4
2002-10-21,119.85
2002-10-22,120.05
2002-10-23,119.35
2002-10-24,117.7
2002-10-25,116.9
2002-10-28,116
2002-10-29,118.1
2002-10-30,116.75
2002-10-31,125.3
2002-11-01,124.15
2002-11-04,126.35
2002-11-05,126.75
2002-11-07,127.05
2002-11-08,125.55
2002-11-11,123.75
2002-11-12,125.25
2002-11-13,124.5
2002-11-14,123.75
2002-11-15,126.7
2002-11-18,130.7
2002-11-20,131.45
2002-11-21,132.1
2002-11-22,133.6
2002-11-25,134.85
2002-11-26,137.85
2002-11-27,134.6
2002-11-28,137.15
2002-11-29,139.5
2002-12-02,139.05
2002-12-03,136.55
2002-12-04,135.7
2002-12-05,136.95
2002-12-06,140.8
2002-12-09,138.1
2002-12-10,139.15
2002-12-11,139.2
2002-12-12,138.1
2002-12-13,141
2002-12-16,138.75
2002-12-17,137.6
2002-12-18,139.8
2002-12-19,139.6
2002-12-20,142.8
2002-12-23,144.5
2002-12-24,144.9
2002-12-26,147.25
2002-12-27,149.6
2002-12-30,148.9
2002-12-31,151.55
2003-01-01,151.5
2003-01-02,149.85
2003-01-03,148.95
2003-01-06,145.65
2003-01-07,146.55
2003-01-08,149.3
2003-01-09,150.65
2003-01-10,149.45
2003-01-13,149.7
2003-01-14,149.55
2003-01-15,148.7
2003-01-16,150.4
2003-01-17,153.35
2003-01-20,155.2
2003-01-21,158.65
2003-01-22,158.1
2003-01-23,161.25
2003-01-24,156.25
2003-01-27,153
2003-01-28,154.3
2003-01-29,154.45
2003-01-30,152.7
2003-01-31,152.05
2003-02-03,155.25
2003-02-04,154.5
2003-02-05,154.45
2003-02-06,156.25
2003-02-07,157.6
2003-02-10,154.7
2003-02-11,154.45
2003-02-12,154.05
2003-02-14,151.15
2003-02-17,153.25
2003-02-18,155.25
2003-02-19,156.4
2003-02-20,153.8
2003-02-21,151.7
2003-02-24,151.85
2003-02-25,149.15
2003-02-26,147.85
2003-02-27,148.55
2003-02-28,150.4
2003-03-03,148.6
2003-03-04,144.7
2003-03-05,146.6
2003-03-06,142.3
2003-03-07,137.95
2003-03-10,135.35
2003-03-11,137.5
2003-03-12,137
2003-03-13,135
2003-03-17,134.1
2003-03-19,135.8
2003-03-20,139.25
2003-03-21,140.95
2003-03-22,143.65
2003-03-24,138.35
2003-03-25,137.7
2003-03-26,137.7
2003-03-27,135.25
2003-03-28,133.85
2003-03-31,133.7
2003-04-01,135.1
2003-04-02,137.5
2003-04-03,138.4
2003-04-04,140.4
2003-04-07,144.65
2003-04-08,141.95
2003-04-09,140.4
2003-04-10,139
2003-04-11,137
2003-04-15,131.2
2003-04-16,134
2003-04-17,131.7
2003-04-21,133.15
2003-04-22,131.85
2003-04-23,128.65
2003-04-24,127.25
2003-04-25,128
2003-04-28,131.1
2003-04-29,129.85
2003-04-30,132.15
2003-05-02,132.4
2003-05-05,135.5
2003-05-06,135.65
2003-05-07,133.8
2003-05-08,131.9
2003-05-09,133.6
2003-05-12,133.8
2003-05-13,134.8
2003-05-14,136.35
2003-05-15,139.3
2003-05-16,139
2003-05-19,139.05
2003-05-20,140.25
2003-05-21,141.3
2003-05-22,142.9
2003-05-23,145.2
2003-05-26,146
2003-05-27,142.7
2003-05-28,146.7
2003-05-29,153.15
2003-05-30,158
2003-06-02,157.7
2003-06-03,155.85
2003-06-04,156.25
2003-06-05,159.15
2003-06-06,162.2
2003-06-09,155.55
2003-06-10,151
2003-06-11,151.45
2003-06-12,150.05
2003-06-13,150.1
2003-06-16,147.95
2003-06-17,150.65
2003-06-18,153.1
2003-06-19,157.25
2003-06-20,157.5
2003-06-23,158
2003-06-24,159.85
2003-06-25,162
2003-06-26,158.9
2003-06-27,166.75
2003-06-30,169.35
2003-07-01,170.3
2003-07-02,173.05
2003-07-03,172.35
2003-07-04,172.6
2003-07-07,175.45
2003-07-08,175.35
2003-07-09,172.25
2003-07-10,177.3
2003-07-11,183.85
2003-07-14,189.95
2003-07-15,191
2003-07-16,198.7
2003-07-17,195.65
2003-07-18,196.85
2003-07-21,191
2003-07-22,185.9
2003-07-23,186.4
2003-07-24,190.65
2003-07-25,197.6
2003-07-28,202.95
2003-07-29,210.35
2003-07-30,209.15
2003-07-31,208.05
2003-08-01,214
2003-08-04,218.55
2003-08-05,215.7
2003-08-06,216.6
2003-08-07,224.25
2003-08-08,233
2003-08-11,236.8
2003-08-12,236.75
2003-08-13,239.75
2003-08-14,242.85
2003-08-18,258.35
2003-08-19,251.05
2003-08-20,243.3
2003-08-21,246.75
2003-08-22,252.6
2003-08-25,240.95
2003-08-26,255.7
2003-08-27,253.7
2003-08-28,245.75
2003-08-29,253.35
2003-09-01,253.95
2003-09-02,252.9
2003-09-03,252.95
2003-09-04,257.5
2003-09-05,267.2
2003-09-08,266
2003-09-09,257.9
2003-09-10,259.8
2003-09-11,259.1
2003-09-12,251.95
2003-09-15,248.2
2003-09-16,262.9
2003-09-17,261.8
2003-09-18,250.3
2003-09-19,255.15
2003-09-22,246.75
2003-09-23,255.5
2003-09-24,260.1
2003-09-25,261.05
2003-09-26,265.75
2003-09-29,269.1
2003-09-30,271.35
2003-10-01,270.35
2003-10-03,281.1
2003-10-06,291.5
2003-10-07,304.1
2003-10-08,303.8
2003-10-09,311.25
2003-10-10,318.9
2003-10-13,340.8
2003-10-14,326.8
2003-10-15,343.1
2003-10-16,360.2
2003-10-17,355.8
2003-10-20,345.1
2003-10-21,334
2003-10-22,340.85
2003-10-23,337.8
2003-10-24,341.35
2003-10-25,345.5
2003-10-27,329.55
2003-10-28,327.85
2003-10-29,330.45
2003-10-30,348.1
2003-10-31,357.85
2003-11-03,377.95
2003-11-04,371.7
2003-11-05,368.4
2003-11-06,375.1
2003-11-07,366.7
2003-11-10,369.2
2003-11-11,365.65
2003-11-12,364.75
2003-11-13,357.2
2003-11-14,351.5
2003-11-15,353.55
2003-11-17,365.9
2003-11-18,355.35
2003-11-19,345.1
2003-11-20,336.65
2003-11-21,344
2003-11-24,348.25
2003-11-25,351.9
2003-11-27,353.5
2003-11-28,360.9
2003-12-01,369.65
2003-12-02,369.7
2003-12-03,367.4
2003-12-04,367.2
2003-12-05,355.15
2003-12-08,360.7
2003-12-09,364.25
2003-12-10,366.35
2003-12-11,366.05
2003-12-12,377.75
2003-12-15,391.9
2003-12-16,387.2
2003-12-17,383.95
2003-12-18,396.3
2003-12-19,395.8
2003-12-22,401.35
2003-12-23,395.45
2003-12-24,411.05
2003-12-26,423.9
2003-12-29,439.8
2003-12-30,430.7
2003-12-31,443.3
2004-01-01,446.05
2004-01-02,450.65
2004-01-05,441.45
2004-01-06,431.55
2004-01-07,441.65
2004-01-08,446.75
2004-01-09,441.95
2004-01-12,444
2004-01-13,449.1
2004-01-14,456.35
2004-01-15,444.8
2004-01-16,436.6
2004-01-19,455.7
2004-01-20,441.2
2004-01-21,417.55
2004-01-22,395.7
2004-01-23,425.75
2004-01-27,443.5
2004-01-28,434.9
2004-01-29,431
2004-01-30,406.2
2004-02-03,385.75
2004-02-04,415.5
2004-02-05,400.45
2004-02-06,413.3
2004-02-09,422.75
2004-02-10,415.25
2004-02-11,430.35
2004-02-12,426.65
2004-02-13,438.45
2004-02-16,443.85
2004-02-17,453.9
2004-02-18,449.9
2004-02-19,437.05
2004-02-20,439.3
2004-02-23,433.3
2004-02-24,443.4
2004-02-25,428.4
2004-02-26,423.3
2004-02-27,427.35
2004-03-01,436.15
2004-03-03,440.5
2004-03-04,428.35
2004-03-05,442.6
2004-03-08,449.7
2004-03-09,442.5
2004-03-10,435.6
2004-03-11,420.35
2004-03-12,421.45
2004-03-15,391.8
2004-03-16,392.15
2004-03-17,395.95
2004-03-18,384.25
2004-03-19,389.4
2004-03-22,365.6
2004-03-23,364.75
2004-03-24,355.7
2004-03-25,368.55
2004-03-26,375.95
2004-03-29,379.7
2004-03-30,382.05
2004-03-31,383.65
2004-04-01,392.85
2004-04-02,403.3
2004-04-05,406.1
2004-04-06,396.85
2004-04-07,392.9
2004-04-08,399.8
2004-04-12,396
2004-04-13,403.35
2004-04-15,393.8
2004-04-16,395.95
2004-04-17,395.25
2004-04-19,391.45
2004-04-20,398.4
2004-04-21,413.15
2004-04-22,410.05
2004-04-23,409.8
2004-04-27,379.35
2004-04-28,384.3
2004-04-29,368.2
2004-04-30,357.95
2004-05-03,342.5
2004-05-04,349.9
2004-05-05,354.85
2004-05-06,366.4
2004-05-07,346.05
2004-05-10,332.25
2004-05-11,307.2
2004-05-12,315.75
2004-05-13,318.2
2004-05-14,289.3
2004-05-17,262.9
2004-05-18,293.5
2004-05-19,315.15
2004-05-20,320.4
2004-05-21,328.65
2004-05-24,333.4
2004-05-25,332.85
2004-05-26,328.45
2004-05-27,318.65
2004-05-28,302.8
2004-05-31,296.25
2004-06-01,302.45
2004-06-02,311.45
2004-06-03,298.05
2004-06-04,315.45
2004-06-07,308.7
2004-06-08,297.7
2004-06-09,298.15
2004-06-10,298.6
2004-06-11,289.95
2004-06-14,272.95
2004-06-15,287.85
2004-06-16,283.2
2004-06-17,288.8
2004-06-18,280.15
2004-06-21,278.05
2004-06-22,279.6
2004-06-23,270.15
2004-06-24,274.6
2004-06-25,296
2004-06-28,303
2004-06-29,305.7
2004-06-30,300.95
2004-07-01,306.75
2004-07-02,304.25
2004-07-05,302.25
2004-07-06,313.25
2004-07-07,316.4
2004-07-08,296.2
2004-07-09,306.15
2004-07-12,314.55
2004-07-13,307.8
2004-07-14,313.8
2004-07-15,327.15
2004-07-16,339.1
2004-07-19,345.85
2004-07-20,344.15
2004-07-21,356.8
2004-07-22,363.5
2004-07-23,363.7
2004-07-26,373.8
2004-07-27,378.6
2004-07-28,377.8
2004-07-29,392.9
2004-07-30,391.95
2004-08-02,391.25
2004-08-03,396.05
2004-08-04,398.1
2004-08-05,407.65
2004-08-06,403.8
2004-08-09,403.45
2004-08-10,406.4
2004-08-11,258.6
2004-08-12,257.9
2004-08-13,256.05
2004-08-16,266.15
2004-08-17,269.95
2004-08-18,261.8
2004-08-19,266.05
2004-08-20,259.75
2004-08-23,245.15
2004-08-24,248.2
2004-08-25,248.45
2004-08-26,245.35
2004-08-27,243
2004-08-30,249.8
2004-08-31,251.85
2004-09-01,249.65
2004-09-02,248.25
2004-09-03,250.3
2004-09-06,252.75
2004-09-07,255.5
2004-09-08,258.55
2004-09-09,256.9
2004-09-10,263.45
2004-09-13,267.8
2004-09-14,263.7
2004-09-15,265.65
2004-09-16,273.25
2004-09-17,279.5
2004-09-20,284.75
2004-09-21,290.45
2004-09-22,288.75
2004-09-23,287.6
2004-09-24,289.55
2004-09-27,288.75
2004-09-28,282.45
2004-09-29,289.95
2004-09-30,289.15
2004-10-01,291.95
2004-10-04,296.05
2004-10-05,293.95
2004-10-06,290.25
2004-10-07,300.25
2004-10-08,302.1
2004-10-09,300.55
2004-10-11,300
2004-10-12,294.5
2004-10-14,284.65
2004-10-15,284.4
2004-10-18,284.35
2004-10-19,288.65
2004-10-20,285.1
2004-10-21,283.5
2004-10-25,279.5
2004-10-26,289.25
2004-10-27,291.9
2004-10-28,294.35
2004-10-29,287.8
2004-11-01,293.3
2004-11-02,292.65
2004-11-03,298.85
2004-11-04,295.6
2004-11-05,298.3
2004-11-08,301.7
2004-11-09,300.8
2004-11-10,307.65
2004-11-11,307.1
2004-11-12,307.6
2004-11-16,309.55
2004-11-17,310.4
2004-11-18,311.55
2004-11-19,307.65
2004-11-22,310.25
2004-11-23,311.7
2004-11-24,312.6
2004-11-25,311.9
2004-11-29,322.5
2004-11-30,323.5
2004-12-01,327.9
2004-12-02,331.5
2004-12-03,327.7
2004-12-06,330.5
2004-12-07,327.25
2004-12-08,318.6
2004-12-09,319.8
2004-12-10,318.1
2004-12-13,323.4
2004-12-14,327.15
2004-12-15,332.5
2004-12-16,330.75
2004-12-17,333.6
2004-12-20,339.05
2004-12-21,341.95
2004-12-22,340.5
2004-12-23,346.6
2004-12-24,358.9
2004-12-27,374.3
2004-12-28,391.65
2004-12-29,386.9
2004-12-30,385
2004-12-31,385.1
2005-01-03,387.25
2005-01-04,386.95
2005-01-05,369
2005-01-06,355.6
2005-01-07,361.35
2005-01-10,358.2
2005-01-11,349.6
2005-01-12,344.05
2005-01-13,357.1
2005-01-14,348.35
2005-01-17,344.85
2005-01-18,344.05
2005-01-19,348.5
2005-01-20,351.7
2005-01-24,360.4
2005-01-25,368
2005-01-27,371.65
2005-01-28,380.55
2005-01-31,386.45
2005-02-01,382.2
2005-02-02,384
2005-02-03,395.9
2005-02-04,397
2005-02-07,399.5
2005-02-08,395.65
2005-02-09,400.7
2005-02-10,398.1
2005-02-11,399
2005-02-14,404.8
2005-02-15,402.05
2005-02-16,406.7
2005-02-17,411.95
2005-02-18,413.9
2005-02-21,408.4
2005-02-22,412.55
2005-02-23,414
2005-02-24,412
2005-02-25,409.95
2005-02-28,422.25
2005-03-01,421.2
2005-03-02,428.6
2005-03-03,430.6
2005-03-04,428.9
2005-03-07,434.85
2005-03-08,436.75
2005-03-09,432.15
2005-03-10,431.25
2005-03-11,441.15
2005-03-14,437.75
2005-03-15,442.8
2005-03-16,440.4
2005-03-17,430.85
2005-03-18,434.15
2005-03-21,430.85
2005-03-22,417.6
2005-03-23,408.4
2005-03-24,412.3
2005-03-28,418.3
2005-03-29,401.6
2005-03-30,396.1
2005-03-31,401.05
2005-04-01,409.25
2005-04-04,393.6
2005-04-05,382.35
2005-04-06,390.45
2005-04-07,385.85
2005-04-08,381.05
2005-04-11,381.3
2005-04-12,388.9
2005-04-13,381
2005-04-15,366.25
2005-04-18,354.2
2005-04-19,347.2
2005-04-20,363.1
2005-04-21,369
2005-04-22,361.7
2005-04-25,363.25
2005-04-26,358.7
2005-04-27,349.65
2005-04-28,343.35
2005-04-29,340.95
2005-05-02,345.1
2005-05-03,343.4
2005-05-04,354.1
2005-05-05,354.95
2005-05-06,354.35
2005-05-09,363
2005-05-10,358.55
2005-05-11,357.35
2005-05-12,358
2005-05-13,359.65
2005-05-16,363.15
2005-05-17,354.05
2005-05-18,356.85
2005-05-19,356.75
2005-05-20,355.2
2005-05-23,351.25
2005-05-24,358.1
2005-05-25,355.25
2005-05-26,355.75
2005-05-27,362.6
2005-05-30,361.25
2005-05-31,363.3
2005-06-01,356.35
2005-06-02,349.05
2005-06-03,349.7
2005-06-04,353.25
2005-06-06,349.5
2005-06-07,339.25
2005-06-08,339.35
2005-06-09,337.85
2005-06-10,334.4
2005-06-13,330.8
2005-06-14,334.4
2005-06-15,339.45
2005-06-16,339.45
2005-06-17,340.8
2005-06-20,348.6
2005-06-21,357.15
2005-06-22,364.05
2005-06-23,365.95
2005-06-24,363
2005-06-27,359.25
2005-06-28,341.7
2005-06-29,346.1
2005-06-30,339.75
2005-07-01,344.15
2005-07-04,345.95
2005-07-05,346.95
2005-07-06,350.2
2005-07-07,353.8
2005-07-08,362.3
2005-07-11,362.05
2005-07-12,360.35
2005-07-13,355.05
2005-07-14,350.6
2005-07-15,355.45
2005-07-18,362.55
2005-07-19,369.7
2005-07-20,371.65
2005-07-21,369.7
2005-07-22,378.75
2005-07-25,385.35
2005-07-26,390
2005-07-27,375.3
2005-07-29,367.65
2005-08-01,364.8
2005-08-02,373.15
2005-08-03,369.05
2005-08-04,383.1
2005-08-05,388.2
2005-08-08,387.95
2005-08-09,388.05
2005-08-10,398.05
2005-08-11,404.25
2005-08-12,402.85
2005-08-16,409.6
2005-08-17,414.35
2005-08-18,408.85
2005-08-19,402
2005-08-22,393
2005-08-23,383.35
2005-08-24,376
2005-08-25,382.9
2005-08-26,389
2005-08-29,384.15
2005-08-30,391.15
2005-08-31,390.55
2005-09-01,393.2
2005-09-02,405.6
2005-09-05,404.95
2005-09-06,406.3
2005-09-08,409.45
2005-09-09,409.55
2005-09-12,411.85
2005-09-13,408.35
2005-09-14,405
2005-09-15,414.05
2005-09-16,421.8
2005-09-19,429.7
2005-09-20,428.15
2005-09-21,418.4
2005-09-22,401.85
2005-09-23,402.45
2005-09-26,416.1
2005-09-27,416.95
2005-09-28,417.4
2005-09-29,417.8
2005-09-30,423.5
2005-10-03,426
2005-10-04,433.1
2005-10-05,424.4
2005-10-06,403.75
2005-10-07,395.35
2005-10-10,388.2
2005-10-11,394.2
2005-10-13,376.3
2005-10-14,379
2005-10-17,384.35
2005-10-18,374.85
2005-10-19,361.55
2005-10-20,358.6
2005-10-21,367.4
2005-10-24,352.3
2005-10-25,350.5
2005-10-26,346.9
2005-10-27,337.6
2005-10-28,330.8
2005-10-31,339.4
2005-11-01,340.15
2005-11-02,348.95
2005-11-07,363.65
2005-11-08,362.1
2005-11-09,362.75
2005-11-10,363.35
2005-11-11,371.3
2005-11-14,365.6
2005-11-16,367.55
2005-11-17,367.05
2005-11-18,370.2
2005-11-21,360.8
2005-11-22,351.1
2005-11-23,342.65
2005-11-24,342.4
2005-11-25,342.25
2005-11-26,344.2
2005-11-28,344.75
2005-11-29,347.9
2005-11-30,349.7
2005-12-01,350.3
2005-12-02,357.05
2005-12-05,354.1
2005-12-06,351.15
2005-12-07,349.7
2005-12-08,347.7
2005-12-09,356.05
2005-12-12,363.05
2005-12-13,369.55
2005-12-14,378.15
2005-12-15,368.85
2005-12-16,367.9
2005-12-19,380.05
2005-12-20,374.45
2005-12-21,375.35
2005-12-22,381.5
2005-12-23,368.5
2005-12-26,368.6
2005-12-27,375.3
2005-12-28,371.05
2005-12-29,370.35
2005-12-30,379.95
2006-01-02,379
2006-01-03,386.2
2006-01-04,384.25
2006-01-05,380.4
2006-01-06,384.2
2006-01-09,380.05
2006-01-10,372.25
2006-01-12,369.3
2006-01-13,367.15
2006-01-16,356.25
2006-01-17,348.6
2006-01-18,351.15
2006-01-19,360.45
2006-01-20,362.15
2006-01-23,357.1
2006-01-24,364.45
2006-01-25,363.25
2006-01-27,395.35
2006-01-30,396.95
2006-01-31,404.45
2006-02-01,397.5
2006-02-02,402.05
2006-02-03,400.85
2006-02-06,406.9
2006-02-07,408.75
2006-02-08,392.25
2006-02-10,389.25
2006-02-13,392.15
2006-02-14,383.5
2006-02-15,387.85
2006-02-16,391.8
2006-02-17,386.8
2006-02-20,395.15
2006-02-21,402.95
2006-02-22,411.5
2006-02-23,418.65
2006-02-24,423.3
2006-02-27,422.1
2006-02-28,431
2006-03-01,442.3
2006-03-02,449.95
2006-03-03,454.25
2006-03-06,473.3
2006-03-07,468.3
2006-03-08,443.75
2006-03-09,451.6
2006-03-10,455.65
2006-03-13,460.25
2006-03-14,458.85
2006-03-16,469.85
2006-03-17,462.3
2006-03-20,467.1
2006-03-21,468.2
2006-03-22,469.3
2006-03-23,485.3
2006-03-24,493.4
2006-03-27,517.85
2006-03-28,522.2
2006-03-29,522.25
2006-03-30,521.75
2006-03-31,536.5
2006-04-03,543.1
2006-04-04,542.7
2006-04-05,542.3
2006-04-07,540.75
2006-04-10,578.85
2006-04-12,558.5
2006-04-13,564.75
2006-04-17,595.3
2006-04-18,589.6
2006-04-19,608.75
2006-04-20,643.9
2006-04-21,654.45
2006-04-24,653.45
2006-04-25,623
2006-04-26,655.35
2006-04-27,637.9
2006-04-28,634.15
2006-04-29,645.85
2006-05-02,671.05
2006-05-03,665.4
2006-05-04,656.25
2006-05-05,640.45
2006-05-08,644.5
2006-05-09,659.95
2006-05-10,668.1
2006-05-11,639.05
2006-05-12,643.85
2006-05-15,586.65
2006-05-16,574.25
2006-05-17,611.9
2006-05-18,545.05
2006-05-19,504.3
2006-05-22,470.9
2006-05-23,510.75
2006-05-24,483.9
2006-05-25,515.85
2006-05-26,538.95
2006-05-29,562.15
2006-05-30,547
2006-05-31,517.2
2006-06-01,488.95
2006-06-02,517.8
2006-06-05,494.4
2006-06-06,480.35
2006-06-07,460.9
2006-06-08,424.9
2006-06-09,456.05
2006-06-12,426.85
2006-06-13,388.1
2006-06-14,384.15
2006-06-15,413.8
2006-06-16,460.3
2006-06-19,476.4
2006-06-20,465.85
2006-06-21,477.9
2006-06-22,489.5
2006-06-23,512.6
2006-06-25,532.35
2006-06-26,496.75
2006-06-27,518.55
2006-06-28,514.3
2006-06-29,509.7
2006-06-30,533.65
2006-07-03,542.25
2006-07-04,537.8
2006-07-05,563.65
2006-07-06,547.35
2006-07-07,522.9
2006-07-10,527.55
2006-07-11,514.5
2006-07-12,519.95
2006-07-13,519.3
2006-07-14,511.35
2006-07-17,494.45
2006-07-18,477.75
2006-07-19,460.2
2006-07-20,487.05
2006-07-21,483.05
2006-07-24,479
2006-07-25,495.6
2006-07-26,496.45
2006-07-27,497.75
2006-07-28,497.7
2006-07-31,496.2
2006-08-01,496.4
2006-08-02,511.05
2006-08-03,509.7
2006-08-04,510.5
2006-08-07,503.85
2006-08-08,511.15
2006-08-09,516.9
2006-08-10,516.15
2006-08-11,525.35
2006-08-14,531.7
2006-08-16,532.45
2006-08-17,518.65
2006-08-18,513
2006-08-21,508.05
2006-08-22,515.45
2006-08-23,505.5
2006-08-24,517.45
2006-08-25,525.75
2006-08-28,527.55
2006-08-29,517.25
2006-08-30,506.85
2006-08-31,496.25
2006-09-01,501.85
2006-09-04,506.1
2006-09-05,513.9
2006-09-06,521.6
2006-09-07,522.2
2006-09-08,525.45
2006-09-11,496.7
2006-09-12,501
2006-09-13,501.95
2006-09-14,508.05
2006-09-15,504.3
2006-09-18,498.35
2006-09-19,488.3
2006-09-20,496.15
2006-09-21,502.95
2006-09-22,496.8
2006-09-25,507.7
2006-09-26,513.05
2006-09-27,516.35
2006-09-28,519.05
2006-09-29,535.65
2006-10-03,534.95
2006-10-04,523.75
2006-10-05,537.4
2006-10-06,536.6
2006-10-09,526.3
2006-10-10,517.9
2006-10-11,507.1
2006-10-12,516.25
2006-10-13,511.7
2006-10-16,511.75
2006-10-17,515.65
2006-10-18,509
2006-10-19,502.15
2006-10-20,508.4
2006-10-21,516
2006-10-23,508.8
2006-10-26,500.55
2006-10-27,500.55
2006-10-30,498.15
2006-10-31,490.45
2006-11-01,489.9
2006-11-02,486.8
2006-11-03,492.65
2006-11-06,506.4
2006-11-07,497.2
2006-11-08,494.15
2006-11-09,502.1
2006-11-10,502.3
2006-11-13,497.1
2006-11-14,491.65
2006-11-15,486.2
2006-11-16,482.3
2006-11-17,476.35
2006-11-20,462.3
2006-11-21,475.7
2006-11-22,473.05
2006-11-23,471.05
2006-11-24,483.1
2006-11-27,482.35
2006-11-28,476
2006-11-29,477.4
2006-11-30,467.9
2006-12-01,468.15
2006-12-04,468.55
2006-12-05,493.05
2006-12-06,491.05
2006-12-07,492.05
2006-12-08,484.7
2006-12-11,453.85
2006-12-12,441.4
2006-12-13,436.55
2006-12-14,435.8
2006-12-15,459.15
2006-12-18,468.15
2006-12-19,455.05
2006-12-20,465.1
2006-12-21,468.4
2006-12-22,478.6
2006-12-26,477.75
2006-12-27,481.1
2006-12-28,476.45
2006-12-29,482.25
2007-01-02,478.7
2007-01-03,471.45
2007-01-04,465.8
2007-01-05,468.65
2007-01-08,463.95
2007-01-09,454.95
2007-01-10,452.05
2007-01-11,462.1
2007-01-12,468.15
2007-01-15,486
2007-01-16,482.45
2007-01-17,484.1
2007-01-18,475.75
2007-01-19,467.8
2007-01-22,471.35
2007-01-23,464.6
2007-01-24,480.8
2007-01-25,510.1
2007-01-29,519.25
2007-01-31,464.9
2007-02-01,457.4
2007-02-02,462.65
2007-02-05,470
2007-02-06,464.9
2007-02-07,464.55
2007-02-08,462.65
2007-02-09,453.3
2007-02-12,443.8
2007-02-13,432.35
2007-02-14,438.55
2007-02-15,442.25
2007-02-19,443.6
2007-02-20,444.35
2007-02-21,455
2007-02-22,454.7
2007-02-23,460.25
2007-02-26,470
2007-02-27,469
2007-02-28,442.5
2007-03-01,451.1
2007-03-02,443.45
2007-03-05,420.75
2007-03-06,419.25
2007-03-07,413.25
2007-03-08,427.75
2007-03-09,433.8
2007-03-12,435.5
2007-03-13,444.75
2007-03-14,429.95
2007-03-15,433.25
2007-03-16,430.55
2007-03-19,429.9
2007-03-20,423.45
2007-03-21,430.15
2007-03-22,442.05
2007-03-23,438.3
2007-03-26,441.8
2007-03-28,441.35
2007-03-29,439.95
2007-03-30,449.65
2007-04-02,423.9
2007-04-03,431.15
2007-04-04,438
2007-04-05,465.5
2007-04-09,493.45
2007-04-10,495.6
2007-04-11,511.5
2007-04-12,496.05
2007-04-13,511.2
2007-04-16,534.5
2007-04-17,527.95
2007-04-18,511.5
2007-04-19,505.8
2007-04-20,533.35
2007-04-23,557.1
2007-04-24,579.75
2007-04-25,571.15
2007-04-26,560.5
2007-04-27,537.25
2007-04-30,549.45
2007-05-03,556.9
2007-05-04,553.4
2007-05-07,552.45
2007-05-08,553.35
2007-05-09,562.35
2007-05-10,576.4
2007-05-11,569.6
2007-05-14,591.9
2007-05-15,592.25
2007-05-16,589.1
2007-05-17,598.25
2007-05-18,591.4
2007-05-21,622.75
2007-05-22,628.75
2007-05-23,659.65
2007-05-24,631.7
2007-05-25,623.05
2007-05-28,626.45
2007-05-29,630.7
2007-05-30,626.8
2007-05-31,632.15
2007-06-01,635.1
2007-06-04,638.1
2007-06-05,641.7
2007-06-06,618.3
2007-06-07,614.95
2007-06-08,585.65
2007-06-11,580.1
2007-06-12,603.35
2007-06-13,596.85
2007-06-14,615.75
2007-06-15,600.45
2007-06-18,589.15
2007-06-19,612.05
2007-06-20,609.4
2007-06-21,609.8
2007-06-22,600.15
2007-06-25,600.15
2007-06-26,604.15
2007-06-27,592.65
2007-06-28,593.5
2007-06-29,597.4
2007-07-02,593.45
2007-07-03,600.75
2007-07-04,616.35
2007-07-05,628.1
2007-07-06,623.3
2007-07-09,626.45
2007-07-10,634.05
2007-07-11,655.5
2007-07-12,672
2007-07-13,695.8
2007-07-16,694.8
2007-07-17,681.05
2007-07-18,682.8
2007-07-19,682.5
2007-07-20,715.15
2007-07-23,721.05
2007-07-24,721.75
2007-07-25,709.4
2007-07-26,703.65
2007-07-27,651.6
2007-07-30,643.45
2007-07-31,656.25
2007-08-01,623.75
2007-08-02,639.6
2007-08-03,652.35
2007-08-06,649.35
2007-08-07,639.8
2007-08-08,650.4
2007-08-09,652.35
2007-08-10,634.95
2007-08-13,642.95
2007-08-14,641.05
2007-08-16,575.45
2007-08-17,544.4
2007-08-20,569.3
2007-08-21,546.3
2007-08-22,569.3
2007-08-23,559.8
2007-08-24,582.9
2007-08-27,602.9
2007-08-28,605.8
2007-08-29,659.95
2007-08-30,657.4
2007-08-31,689.7
2007-09-03,691.6
2007-09-04,683.8
2007-09-05,682.05
2007-09-06,692.7
2007-09-07,688.3
2007-09-10,693.2
2007-09-11,708.75
2007-09-12,711.55
2007-09-13,706.55
2007-09-14,703.75
2007-09-17,705.65
2007-09-18,710.35
2007-09-19,745
2007-09-20,739.55
2007-09-21,740.45
2007-09-24,749.45
2007-09-25,744
2007-09-26,751.85
2007-09-27,795
2007-09-28,850.5
2007-10-01,841.5
2007-10-03,840.5
2007-10-04,865
2007-10-05,834
2007-10-08,789.55
2007-10-09,835.6
2007-10-10,848.1
2007-10-11,850.6
2007-10-12,850.35
2007-10-15,912
2007-10-16,908.15
2007-10-17,866.1
2007-10-18,835.15
2007-10-19,852.15
2007-10-22,837.5
2007-10-23,894.45
2007-10-24,916.25
2007-10-25,988.9
2007-10-26,987.75
2007-10-29,902.5
2007-10-30,901.9
2007-10-31,905.8
2007-11-01,885.65
2007-11-02,897.45
2007-11-05,879.15
2007-11-06,860.35
2007-11-07,862.45
2007-11-08,848
2007-11-09,834
2007-11-12,813.95
2007-11-13,833.95
2007-11-14,858.05
2007-11-15,859.85
2007-11-16,843.5
2007-11-19,862.8
2007-11-20,859.3
2007-11-21,825.05
2007-11-22,818.05
2007-11-23,817.65
2007-11-26,850.45
2007-11-27,848.9
2007-11-28,816.6
2007-11-29,798.25
2007-11-30,825.9
2007-12-03,842.2
2007-12-04,872.6
2007-12-05,865.5
2007-12-06,848.15
2007-12-07,832.05
2007-12-10,833.3
2007-12-11,836.3
2007-12-12,864.8
2007-12-13,890.05
2007-12-14,877.05
2007-12-17,823.35
2007-12-18,817.2
2007-12-19,824.3
2007-12-20,824.25
2007-12-24,864.35
2007-12-26,892.8
2007-12-27,905.1
2007-12-28,931.35
2007-12-31,935.4
2008-01-01,932.25
2008-01-02,933.55
2008-01-03,926.15
2008-01-04,931.35
2008-01-07,925.8
2008-01-08,891.3
2008-01-09,893.8
2008-01-10,854.15
2008-01-11,853.3
2008-01-14,838.2
2008-01-15,852.1
2008-01-16,818
2008-01-17,810.75
2008-01-18,782.5
2008-01-21,721.6
2008-01-22,670.65
2008-01-23,698.55
2008-01-24,670.75
2008-01-25,715.05
2008-01-28,696.7
2008-01-29,715.2
2008-01-30,723.3
2008-01-31,738.6
2008-02-01,776.45
2008-02-04,802.15
2008-02-05,817.05
2008-02-06,798.85
2008-02-07,771.8
2008-02-08,751.35
2008-02-11,726.7
2008-02-12,710.3
2008-02-13,758.1
2008-02-14,778.4
2008-02-15,818.15
2008-02-18,821.2
2008-02-19,812.95
2008-02-20,772.45
2008-02-21,805.8
2008-02-22,804.7
2008-02-25,809.15
2008-02-26,809.6
2008-02-27,812.25
2008-02-28,824.3
2008-02-29,801.75
2008-03-03,772.9
2008-03-04,777.95
2008-03-05,799.2
2008-03-07,773.55
2008-03-10,812.5
2008-03-11,819.15
2008-03-12,768.8
2008-03-13,696.95
2008-03-14,715.1
2008-03-17,658.9
2008-03-18,639.05
2008-03-19,637.85
2008-03-24,591.1
2008-03-25,635.85
2008-03-26,657.7
2008-03-27,655
2008-03-28,716.1
2008-03-31,694.35
2008-04-01,671.4
2008-04-02,648.85
2008-04-03,660.15
2008-04-04,661.4
2008-04-07,680.55
2008-04-08,657.05
2008-04-09,678.85
2008-04-10,684.8
2008-04-11,693.25
2008-04-15,692.15
2008-04-16,691.15
2008-04-17,717.8
2008-04-21,776.25
2008-04-22,782.4
2008-04-23,797.5
2008-04-24,776.35
2008-04-25,803.75
2008-04-28,778.45
2008-04-29,810.4
2008-04-30,818.25
2008-05-02,797.35
2008-05-05,803.9
2008-05-06,818.6
2008-05-07,823.15
2008-05-08,844.9
2008-05-09,844.2
2008-05-12,842.85
2008-05-13,851.4
2008-05-14,886.1
2008-05-15,881.7
2008-05-16,891.15
2008-05-20,894.85
2008-05-21,922
2008-05-22,909.15
2008-05-23,897.1
2008-05-26,874.6
2008-05-27,867
2008-05-28,903.35
2008-05-29,896.1
2008-05-30,902.8
2008-06-02,869
2008-06-03,861.65
2008-06-04,813.75
2008-06-05,841.75
2008-06-06,824.15
2008-06-09,823.2
2008-06-10,820.2
2008-06-11,836.7
2008-06-12,855.85
2008-06-13,841
2008-06-16,848.95
2008-06-17,850.6
2008-06-18,822.55
2008-06-19,816.8
2008-06-20,777.4
2008-06-23,745.75
2008-06-24,711.1
2008-06-25,742.6
2008-06-26,756.55
2008-06-27,726.75
2008-06-30,728.85
2008-07-01,697.7
2008-07-02,740.8
2008-07-03,658.05
2008-07-04,640.4
2008-07-07,651.9
2008-07-08,651.95
2008-07-09,677.6
2008-07-10,698.9
2008-07-11,666.05
2008-07-14,683.4
2008-07-15,647.9
2008-07-16,625.25
2008-07-17,607.4
2008-07-18,592.55
2008-07-21,599.05
2008-07-22,625.6
2008-07-23,667.55
2008-07-24,630.9
2008-07-25,617.55
2008-07-28,604.05
2008-07-29,584.45
2008-07-30,630.15
2008-07-31,655.1
2008-08-01,679.85
2008-08-04,691.55
2008-08-05,675.9
2008-08-06,645.9
2008-08-07,644.55
2008-08-08,652.45
2008-08-11,644.8
2008-08-12,607.9
2008-08-13,610.4
2008-08-14,616.5
2008-08-18,602.85
2008-08-19,598
2008-08-20,605.7
2008-08-21,587.65
2008-08-22,593.75
2008-08-25,585.2
2008-08-26,577.75
2008-08-27,581.35
2008-08-28,571.95
2008-08-29,600.7
2008-09-01,584.2
2008-09-02,589.25
2008-09-04,582.75
2008-09-05,560.35
2008-09-08,569
2008-09-09,563.6
2008-09-10,535.15
2008-09-11,526.35
2008-09-12,523.65
2008-09-15,500.45
2008-09-16,486.55
2008-09-17,473.75
2008-09-18,459.75
2008-09-19,479.5
2008-09-22,494
2008-09-23,470.25
2008-09-24,486.05
2008-09-25,484.7
2008-09-26,461.85
2008-09-29,445.95
2008-09-30,427.15
2008-10-01,438.35
2008-10-03,393
2008-10-06,350
2008-10-07,357.75
2008-10-08,338.3
2008-10-10,287.4
2008-10-13,304
2008-10-14,304.95
2008-10-15,272.7
2008-10-16,269.1
2008-10-17,247.6
2008-10-20,252.1
2008-10-21,278.05
2008-10-22,245.05
2008-10-23,208
2008-10-24,178
2008-10-27,168.3
2008-10-28,182.45
2008-10-29,186.85
2008-10-31,209.75
2008-11-03,225.6
2008-11-04,239.7
2008-11-05,215.85
2008-11-06,186.05
2008-11-07,189.5
2008-11-10,214.3
2008-11-11,191.1
2008-11-12,185.05
2008-11-14,171.9
2008-11-17,166.3
2008-11-18,164.75
2008-11-19,161.9
2008-11-20,157.2
2008-11-21,159.7
2008-11-24,155.95
2008-11-25,150.7
2008-11-26,155.5
2008-11-28,151.4
2008-12-01,153.4
2008-12-02,148.8
2008-12-03,164.7
2008-12-04,187.2
2008-12-05,182.5
2008-12-08,196
2008-12-10,217.85
2008-12-11,217.7
2008-12-12,218.85
2008-12-15,227.2
2008-12-16,224.95
2008-12-17,219.35
2008-12-18,222.45
2008-12-19,229.1
2008-12-22,224.15
2008-12-23,221.5
2008-12-24,218.25
2008-12-26,212
2008-12-29,214.8
2008-12-30,215.1
2008-12-31,217.2
2009-01-01,228.7
2009-01-02,229.6
2009-01-05,245.6
2009-01-06,247.05
2009-01-07,233.75
2009-01-09,215
2009-01-12,200.15
2009-01-13,202.5
2009-01-14,213.1
2009-01-15,197.7
2009-01-16,204.05
2009-01-19,208.55
2009-01-20,195.05
2009-01-21,188.9
2009-01-22,179.25
2009-01-23,166.3
2009-01-27,171.95
2009-01-28,177.2
2009-01-29,183.7
2009-01-30,184.6
2009-02-02,172.5
2009-02-03,170.75
2009-02-04,179.55
2009-02-05,181.8
2009-02-06,186.5
2009-02-09,199.65
2009-02-10,196.85
2009-02-11,190.15
2009-02-12,185.6
2009-02-13,194.15
2009-02-16,184.15
2009-02-17,171.65
2009-02-18,170.75
2009-02-19,172.45
2009-02-20,168.1
2009-02-24,160.75
2009-02-25,162.4
2009-02-26,163.05
2009-02-27,172.8
2009-03-02,159.05
2009-03-03,155.25
2009-03-04,156.65
2009-03-05,151.8
2009-03-06,156.75
2009-03-09,152.35
2009-03-12,155.9
2009-03-13,167
2009-03-16,168.7
2009-03-17,168.6
2009-03-18,176.5
2009-03-19,172.95
2009-03-20,176.25
2009-03-23,194.4
2009-03-24,187.35
2009-03-25,194.75
2009-03-26,205.45
2009-03-27,223.2
2009-03-30,196.35
2009-03-31,205.9
2009-04-01,209.8
2009-04-02,225.1
2009-04-06,235.65
2009-04-08,243.05
2009-04-09,261.1
2009-04-13,283.15
2009-04-15,293
2009-04-16,269.1
2009-04-17,258.2
2009-04-20,262.65
2009-04-21,244.2
2009-04-22,240.9
2009-04-23,262.85
2009-04-24,261.15
2009-04-27,253.75
2009-04-28,234.35
2009-04-29,238.1
2009-05-04,263.2
2009-05-05,286.15
2009-05-06,270.7
2009-05-07,294.35
2009-05-08,282.4
2009-05-11,270.65
2009-05-12,275.55
2009-05-13,264.35
2009-05-14,264.45
2009-05-15,272
2009-05-18,318.25
2009-05-19,329.5
2009-05-20,371.5
2009-05-21,365.65
2009-05-22,363.65
2009-05-25,368.75
2009-05-26,361.85
2009-05-27,373.5
2009-05-28,384.8
2009-05-29,405.35
2009-06-01,439.3
2009-06-02,474.5
2009-06-03,488.1
2009-06-04,470.65
2009-06-05,463.9
2009-06-08,416.45
2009-06-09,438.2
2009-06-10,439.3
2009-06-11,452.5
2009-06-12,457.75
2009-06-15,433.8
2009-06-16,450.7
2009-06-17,417
2009-06-18,388.3
2009-06-19,412.55
2009-06-22,402.75
2009-06-23,400.4
2009-06-24,407
2009-06-25,399.85
2009-06-26,388.55
2009-06-29,397.75
2009-06-30,390.65
2009-07-01,395.95
2009-07-02,420.4
2009-07-03,437.95
2009-07-06,396.55
2009-07-07,396.5
2009-07-08,362.5
2009-07-09,364.05
2009-07-10,352.9
2009-07-13,339
2009-07-14,357.8
2009-07-15,380.9
2009-07-16,384.2
2009-07-17,392.35
2009-07-20,391.2
2009-07-21,412.15
2009-07-22,399.35
2009-07-23,415.75
2009-07-24,442.5
2009-07-27,458.8
2009-07-28,471.2
2009-07-29,442.35
2009-07-30,452.15
2009-07-31,462.35
2009-08-03,485.2
2009-08-04,475.35
2009-08-05,473.3
2009-08-06,454.4
2009-08-07,456.5
2009-08-10,456.05
2009-08-11,463.1
2009-08-12,443.7
2009-08-13,470.25
2009-08-14,469.95
2009-08-17,437.95
2009-08-18,451.7
2009-08-19,433.75
2009-08-20,442.05
2009-08-21,444.95
2009-08-24,458.15
2009-08-25,457.85
2009-08-26,460.2
2009-08-27,435.7
2009-08-28,438.65
2009-08-31,424.25
2009-09-01,417.1
2009-09-02,415.1
2009-09-03,420.65
2009-09-04,430.25
2009-09-07,441.9
2009-09-08,456.5
2009-09-09,460.65
2009-09-10,469.9
2009-09-11,469
2009-09-14,478.85
2009-09-15,492.45
2009-09-16,530.1
2009-09-17,520.95
2009-09-18,517.85
2009-09-22,522.4
2009-09-23,520.6
2009-09-24,512.65
2009-09-25,498.35
2009-09-29,504.05
2009-09-30,509.45
2009-10-01,510.8
2009-10-05,497
2009-10-06,510.4
2009-10-07,516.9
2009-10-08,534.95
2009-10-09,532.55
2009-10-12,545.6
2009-10-14,571.3
2009-10-15,574.65
2009-10-16,566.65
2009-10-17,563.2
2009-10-20,575.15
2009-10-21,553.15
2009-10-22,542.4
2009-10-23,529.65
2009-10-26,539.85
2009-10-27,500.8
2009-10-28,481.3
2009-10-29,467.65
2009-10-30,471.55
2009-11-03,445.3
2009-11-04,469
2009-11-05,485.75
2009-11-06,499.8
2009-11-09,509.2
2009-11-10,504.65
2009-11-11,526.55
2009-11-12,512.05
2009-11-13,520.75
2009-11-16,536.55
2009-11-17,538.8
2009-11-18,547.4
2009-11-19,537.15
2009-11-20,552.95
2009-11-23,573.05
2009-11-24,558.7
2009-11-25,563.1
2009-11-26,543.7
2009-11-27,544.85
2009-11-30,579.2
2009-12-01,581.65
2009-12-02,574.8
2009-12-03,583.6
2009-12-04,575.95
2009-12-07,555.85
2009-12-08,568.2
2009-12-09,544.9
2009-12-10,548.95
2009-12-11,546.55
2009-12-14,544.5
2009-12-15,546.5
2009-12-16,557.65
2009-12-17,564.2
2009-12-18,563.25
2009-12-21,555.9
2009-12-22,577.2
2009-12-23,604.05
2009-12-24,615.6
2009-12-29,622.05
2009-12-30,614.8
2009-12-31,617.7
2010-01-04,633.75
2010-01-05,649.1
2010-01-06,642.05
2010-01-07,649.8
2010-01-08,648.45
2010-01-11,648.5
2010-01-12,625.55
2010-01-13,639.25
2010-01-14,647.7
2010-01-15,645.15
2010-01-18,637.5
2010-01-19,637.65
2010-01-20,653.7
2010-01-21,648
2010-01-22,624.55
2010-01-25,609.9
2010-01-27,559.65
2010-01-28,585.4
2010-01-29,569.1
2010-02-01,579.85
2010-02-02,573.3
2010-02-03,600.4
2010-02-04,577.7
2010-02-05,550.2
2010-02-06,558.95
2010-02-08,533.85
2010-02-09,533.55
2010-02-10,522.45
2010-02-11,533.95
2010-02-15,539.9
2010-02-16,550.1
2010-02-17,584.35
2010-02-18,577.15
2010-02-19,560.75
2010-02-22,572.75
2010-02-23,575.5
2010-02-24,567.3
2010-02-25,569.25
2010-02-26,574.35
2010-03-02,608.9
2010-03-03,608.2
2010-03-04,617.55
2010-03-05,618.1
2010-03-08,621.75
2010-03-09,614.7
2010-03-10,612.2
2010-03-11,608.3
2010-03-12,607.55
2010-03-15,610.05
2010-03-16,627.2
2010-03-17,632.1
2010-03-18,639.2
2010-03-19,644.25
2010-03-22,629.05
2010-03-23,637.95
2010-03-25,638.2
2010-03-26,644.1
2010-03-29,643.55
2010-03-30,634.75
2010-03-31,632.05
2010-04-01,652.2
2010-04-05,678.5
2010-04-06,687.6
2010-04-07,685.65
2010-04-08,671.25
2010-04-09,676.2
2010-04-12,684.25
2010-04-13,691.95
2010-04-15,686.1
2010-04-16,695.7
2010-04-19,669.8
2010-04-20,670.85
2010-04-21,668.85
2010-04-22,655.3
2010-04-23,648.35
2010-04-26,656.85
2010-04-27,647.5
2010-04-28,624.35
2010-04-29,632.65
2010-04-30,618.85
2010-05-03,607.05
2010-05-04,577.85
2010-05-05,573.1
2010-05-06,575.9
2010-05-07,558.35
2010-05-10,601.45
2010-05-11,582.05
2010-05-12,584.45
2010-05-13,575.1
2010-05-14,547.95
2010-05-17,536.35
2010-05-18,530.3
2010-05-19,512.5
2010-05-20,508.15
2010-05-21,509.25
2010-05-24,501.05
2010-05-25,476.65
2010-05-26,484.45
2010-05-27,492.35
2010-05-28,496.85
2010-05-31,500.7
2010-06-01,480
2010-06-02,484.3
2010-06-03,485.8
2010-06-04,485.25
2010-06-07,462.15
2010-06-08,451.4
2010-06-09,463.05
2010-06-10,471.45
2010-06-11,473.6
2010-06-14,484.2
2010-06-15,491.9
2010-06-16,485.55
2010-06-17,480.95
2010-06-18,473.75
2010-06-21,504.8
2010-06-22,494.05
2010-06-23,497.6
2010-06-24,498.4
2010-06-25,490.05
2010-06-28,500.1
2010-06-29,481.6
2010-06-30,485.65
2010-07-01,475
2010-07-02,474.95
2010-07-05,471.75
2010-07-06,480.4
2010-07-07,474.9
2010-07-08,484.75
2010-07-09,495.95
2010-07-12,497.75
2010-07-13,508.8
2010-07-14,505.9
2010-07-15,512.75
2010-07-16,508.75
2010-07-19,511.3
2010-07-20,509.35
2010-07-21,530.85
2010-07-22,540.85
2010-07-23,535.65
2010-07-26,532.4
2010-07-27,529.85
2010-07-28,532.6
2010-07-29,533.1
2010-07-30,537
2010-08-02,547.25
2010-08-03,547
2010-08-04,540.55
2010-08-05,538.25
2010-08-06,531.5
2010-08-09,540.1
2010-08-10,536.35
2010-08-11,520.25
2010-08-12,519.95
2010-08-13,527.2
2010-08-16,517.8
2010-08-17,513.6
2010-08-18,521.85
2010-08-19,522.3
2010-08-20,518.9
2010-08-23,521.55
2010-08-24,513.75
2010-08-25,497
2010-08-26,501.85
2010-08-27,510.15
2010-08-30,527.9
2010-08-31,522.7
2010-09-01,537.95
2010-09-02,544.05
2010-09-03,540.95
2010-09-06,575.7
2010-09-07,576.4
2010-09-08,580.6
2010-09-09,593.65
2010-09-13,601.5
2010-09-14,596.9
2010-09-15,603.7
2010-09-16,595.35
2010-09-17,604.8
2010-09-20,618
2010-09-21,615.35
2010-09-22,618.85
2010-09-23,623.5
2010-09-24,629.95
2010-09-27,645.9
2010-09-28,651.65
2010-09-29,653.1
2010-09-30,651.85
2010-10-01,667.8
2010-10-04,669.7
2010-10-05,668.35
2010-10-06,678.25
2010-10-07,649.7
2010-10-08,626.6
2010-10-11,640.1
2010-10-12,633.35
2010-10-13,637.85
2010-10-14,652.5
2010-10-15,635.85
2010-10-18,646.05
2010-10-19,633.15
2010-10-20,615.7
2010-10-21,628.4
2010-10-22,617.5
2010-10-25,620.25
2010-10-26,605.65
2010-10-27,614.9
2010-10-28,603.85
2010-10-29,589.4
2010-11-01,591.9
2010-11-02,599.05
2010-11-03,609.6
2010-11-04,621.5
2010-11-05,623.55
2010-11-08,633.2
2010-11-09,641.3
2010-11-10,637.4
2010-11-11,631.05
2010-11-12,606.95
2010-11-15,618.3
2010-11-16,605.95
2010-11-18,623.45
2010-11-19,606.05
2010-11-22,624.85
2010-11-23,612.15
2010-11-24,616.6
2010-11-25,602.7
2010-11-26,598.8
2010-11-29,591.85
2010-11-30,584.8
2010-12-01,613.55
2010-12-02,622.75
2010-12-03,614.55
2010-12-06,635.05
2010-12-07,639.35
2010-12-08,624.25
2010-12-09,604.55
2010-12-10,619
2010-12-13,631
2010-12-14,646.6
2010-12-15,642.75
2010-12-16,660.4
2010-12-20,666.4
2010-12-21,676.2
2010-12-22,672.9
2010-12-23,661.35
2010-12-24,672.85
2010-12-27,662.55
2010-12-28,665
2010-12-29,668.05
2010-12-30,672.75
2010-12-31,680.4
2011-01-03,704.05
2011-01-04,694.7
2011-01-05,680.95
2011-01-06,683.3
2011-01-07,661.25
2011-01-10,650.7
2011-01-11,646.55
2011-01-12,648.9
2011-01-13,637.55
2011-01-14,622.45
2011-01-17,625.65
2011-01-18,632.6
2011-01-19,639.6
2011-01-20,634.2
2011-01-21,629.55
2011-01-24,649.25
2011-01-25,655.35
2011-01-27,650.1
2011-01-28,637.45
2011-01-31,639.7
2011-02-01,631.75
2011-02-02,626.25
2011-02-03,638.1
2011-02-04,635.9
2011-02-07,640.4
2011-02-08,619.7
2011-02-09,599.15
2011-02-10,600.55
2011-02-11,595.3
2011-02-14,620.25
2011-02-15,616.6
2011-02-16,641.4
2011-02-17,655.1
2011-02-18,638.35
2011-02-21,637.45
2011-02-22,624.35
2011-02-23,627
2011-02-24,602.65
2011-02-25,606.85
2011-02-28,607.15
2011-03-01,634.45
2011-03-03,624.4
2011-03-04,618.2
2011-03-07,602.75
2011-03-08,616
2011-03-09,612.95
2011-03-10,596.55
2011-03-11,581.3
2011-03-14,601.1
2011-03-15,593.3
2011-03-16,599.55
2011-03-17,592.7
2011-03-18,597.15
2011-03-21,601.45
2011-03-22,604.8
2011-03-23,610.4
2011-03-24,609.75
2011-03-25,615.45
2011-03-28,613.4
2011-03-29,612.9
2011-03-30,615.8
2011-03-31,622.25
2011-04-01,626.6
2011-04-04,631.15
2011-04-05,635.2
2011-04-06,634.4
2011-04-07,638.35
2011-04-08,629.85
2011-04-11,624.95
2011-04-13,636.4
2011-04-15,630.6
2011-04-18,612.1
2011-04-19,609.4
2011-04-20,624.5
2011-04-21,630.05
2011-04-25,626.7
2011-04-26,627.4
2011-04-27,620.05
2011-04-28,613.45
2011-04-29,616.5
2011-05-02,614.65
2011-05-03,603.25
2011-05-04,589.75
2011-05-05,583.05
2011-05-06,594.5
2011-05-09,595.1
2011-05-10,588.4
2011-05-11,594.2
2011-05-12,584.7
2011-05-13,594
2011-05-16,577.8
2011-05-17,573.95
2011-05-18,571.7
2011-05-19,562.75
2011-05-20,579.55
2011-05-23,559.4
2011-05-24,566.5
2011-05-25,561.2
2011-05-26,574.15
2011-05-27,585.2
2011-05-30,579.3
2011-05-31,589
2011-06-01,582.3
2011-06-02,574.9
2011-06-03,573.25
2011-06-06,567.9
2011-06-07,577.95
2011-06-08,577.7
2011-06-09,577.05
2011-06-10,569.45
2011-06-13,562.95
2011-06-14,561
2011-06-15,561.4
2011-06-16,553.25
2011-06-17,573.05
2011-06-20,561.15
2011-06-21,558.2
2011-06-22,558.1
2011-06-23,556.55
2011-06-24,578.95
2011-06-27,589.35
2011-06-28,587.25
2011-06-29,601.6
2011-06-30,610.25
2011-07-01,602.3
2011-07-04,597.5
2011-07-05,597.4
2011-07-06,597.85
2011-07-07,606.7
2011-07-08,594.9
2011-07-11,587.8
2011-07-12,572
2011-07-13,575
2011-07-14,576.55
2011-07-15,572.95
2011-07-18,571.6
2011-07-19,576.4
2011-07-20,575.45
2011-07-21,573.35
2011-07-22,584.25
2011-07-25,591.25
2011-07-26,583.35
2011-07-27,579.85
2011-07-28,568.65
2011-07-29,564
2011-08-01,573.8
2011-08-02,564.4
2011-08-03,563.35
2011-08-04,557.75
2011-08-05,532.95
2011-08-08,509.1
2011-08-09,485.15
2011-08-10,484.95
2011-08-11,484.4
2011-08-12,474.95
2011-08-16,469
2011-08-17,472.9
2011-08-18,462.6
2011-08-19,459.4
2011-08-22,469.95
2011-08-23,475.5
2011-08-24,454.5
2011-08-25,443.7
2011-08-26,422.3
2011-08-29,447.4
2011-08-30,468.55
2011-09-02,490.1
2011-09-05,494.7
2011-09-06,495.45
2011-09-07,498.5
2011-09-08,491.35
2011-09-09,476.9
2011-09-12,454.85
2011-09-13,457.35
2011-09-14,469.5
2011-09-15,465.65
2011-09-16,460.85
2011-09-19,453.75
2011-09-20,461.1
2011-09-21,458.5
2011-09-22,442.4
2011-09-23,432.8
2011-09-26,435.45
2011-09-27,438.95
2011-09-28,427.4
2011-09-29,433.8
2011-09-30,415.35
2011-10-03,394.65
2011-10-04,397.55
2011-10-05,400.6
2011-10-07,419.7
2011-10-10,434.95
2011-10-11,433.55
2011-10-12,444.1
2011-10-13,453.4
2011-10-14,437.85
2011-10-17,440.05
2011-10-18,429.25
2011-10-19,434
2011-10-20,441.6
2011-10-21,433
2011-10-24,436.55
2011-10-25,452.05
2011-10-26,451.3
2011-10-28,483.7
2011-10-31,482.8
2011-11-01,472
2011-11-02,467.85
2011-11-03,461.7
2011-11-04,467.15
2011-11-08,467.4
2011-11-09,447.6
2011-11-11,429.85
2011-11-14,412.5
2011-11-15,400.45
2011-11-16,405.95
2011-11-17,400.1
2011-11-18,391.4
2011-11-21,379.7
2011-11-22,391.7
2011-11-23,382.65
2011-11-24,385.6
2011-11-25,374.95
2011-11-28,386.95
2011-11-29,387.15
2011-11-30,385.2
2011-12-01,402.65
2011-12-02,419.1
2011-12-05,411.15
2011-12-07,417.55
2011-12-08,404.05
2011-12-09,397.55
2011-12-12,385.45
2011-12-13,392.6
2011-12-14,375.75
2011-12-15,375.25
2011-12-16,364.95
2011-12-19,363.6
2011-12-20,342.75
2011-12-21,349.45
2011-12-22,353.9
2011-12-23,347.3
2011-12-26,357.65
2011-12-27,349.15
2011-12-28,346.85
2011-12-29,341.9
2011-12-30,335.35
2012-01-02,341.1
2012-01-03,361.85
2012-01-04,363.95
2012-01-05,362.6
2012-01-06,363.65
2012-01-07,362.75
2012-01-09,361.75
2012-01-10,371.75
2012-01-11,383
2012-01-12,388.85
2012-01-13,415.7
2012-01-16,421.75
2012-01-17,442.75
2012-01-18,424.9
2012-01-19,435.85
2012-01-20,436.55
2012-01-23,426.55
2012-01-24,432.35
2012-01-25,444.85
2012-01-27,458.75
2012-01-30,442.3
2012-01-31,450.8
2012-02-01,470.95
2012-02-02,475.9
2012-02-03,467.5
2012-02-06,467.25
2012-02-07,451.35
2012-02-08,450.65
2012-02-09,452.15
2012-02-10,475.05
2012-02-13,485.2
2012-02-14,487.95
2012-02-15,495.15
2012-02-16,479.1
2012-02-17,478
2012-02-21,491.5
2012-02-22,470.5
2012-02-23,471.4
2012-02-24,475.5
2012-02-27,442.4
2012-02-28,459.8
2012-02-29,472.55
2012-03-01,462.8
2012-03-02,465.9
2012-03-03,467.6
2012-03-05,450.7
2012-03-06,424.95
2012-03-07,423.8
2012-03-09,455.2
2012-03-12,456.4
2012-03-13,468.1
2012-03-14,460.85
2012-03-15,462.75
2012-03-16,454.6
2012-03-19,448.2
2012-03-20,454.8
2012-03-21,472.4
2012-03-22,449.9
2012-03-23,448.5
2012-03-26,440.15
2012-03-27,447
2012-03-28,455.1
2012-03-29,453.1
2012-03-30,471.75
2012-04-02,471.75
2012-04-03,478.2
2012-04-04,475.55
2012-04-09,459.75
2012-04-10,452.8
2012-04-11,446.35
2012-04-12,453.3
2012-04-13,449.8
2012-04-16,455.15
2012-04-17,461.55
2012-04-18,465.2
2012-04-19,467.15
2012-04-20,470.3
2012-04-23,462.85
2012-04-24,470.25
2012-04-25,465.5
2012-04-26,466.8
2012-04-27,461.15
2012-04-28,463.25
2012-04-30,463.65
2012-05-02,461.85
2012-05-03,448.1
2012-05-04,432.5
2012-05-07,441.6
2012-05-08,427.2
2012-05-09,417.45
2012-05-10,415.6
2012-05-11,412
2012-05-14,408.2
2012-05-15,418.15
2012-05-16,400.6
2012-05-17,405.85
2012-05-18,399.95
2012-05-21,402.75
2012-05-22,399.3
2012-05-23,396.25
2012-05-24,398.65
2012-05-25,408.6
2012-05-28,411.85
2012-05-29,415.8
2012-05-30,410.3
2012-05-31,403.65
2012-06-01,397.9
2012-06-04,404
2012-06-05,398
2012-06-06,410
2012-06-07,411.1
2012-06-08,410.4
2012-06-11,409.9
2012-06-12,412.9
2012-06-13,411.95
2012-06-14,406.95
2012-06-15,414.55
2012-06-18,419.75
2012-06-19,420.25
2012-06-20,426.8
2012-06-21,430.15
2012-06-22,418.6
2012-06-25,414.65
2012-06-26,410.5
2012-06-27,420.7
2012-06-28,429.05
2012-06-29,441.45
2012-07-02,446.95
2012-07-03,446.35
2012-07-04,451.8
2012-07-05,451.6
2012-07-06,448.25
2012-07-09,437.6
2012-07-10,438.8
2012-07-11,436
2012-07-12,428.5
2012-07-13,425
2012-07-16,407.95
2012-07-17,405.8
2012-07-18,411.65
2012-07-19,414.45
2012-07-20,415.95
2012-07-23,399.5
2012-07-24,396.85
2012-07-25,386.5
2012-07-26,384
2012-07-27,399.15
2012-07-30,410.35
2012-07-31,414.45
2012-08-01,409.55
2012-08-02,405.95
2012-08-03,397
2012-08-06,404.3
2012-08-07,406.15
2012-08-08,408.05
2012-08-09,406.3
2012-08-10,400.1
2012-08-13,395.45
2012-08-14,406.1
2012-08-16,398.25
2012-08-17,394.8
2012-08-21,392.1
2012-08-22,392.55
2012-08-23,398.55
2012-08-24,387.8
2012-08-27,385.65
2012-08-28,378.2
2012-08-29,374.4
2012-08-30,365.9
2012-08-31,361.4
2012-09-03,358
2012-09-04,363.7
2012-09-05,349.9
2012-09-06,351.25
2012-09-07,370.9
2012-09-08,373.85
2012-09-10,380.05
2012-09-11,376.95
2012-09-12,387.15
2012-09-13,387.6
2012-09-14,405
2012-09-17,409.95
2012-09-18,405.3
2012-09-20,393.1
2012-09-21,409.35
2012-09-24,406.7
2012-09-25,400.35
2012-09-26,396.2
2012-09-27,396.3
2012-09-28,400.9
2012-10-01,398.95
2012-10-03,403.8
2012-10-04,409
2012-10-05,410.55
2012-10-08,407.65
2012-10-09,412.05
2012-10-10,411.6
2012-10-11,420.25
2012-10-12,420.95
2012-10-15,418.9
2012-10-16,409.1
2012-10-17,407.2
2012-10-18,411.75
2012-10-19,407.45
2012-10-22,407.85
2012-10-23,404.4
2012-10-25,398.8
2012-10-26,399.8
2012-10-29,402.05
2012-10-30,393.05
2012-10-31,392.2
2012-11-01,397.45
2012-11-02,402.35
2012-11-05,397.65
2012-11-06,398.95
2012-11-07,401.95
2012-11-08,403.95
2012-11-09,390.55
2012-11-12,384.1
2012-11-13,385.9
2012-11-15,375.4
2012-11-16,370.1
2012-11-19,363.5
2012-11-20,360.55
2012-11-21,364.75
2012-11-22,365.95
2012-11-23,364.85
2012-11-26,371.85
2012-11-27,375.95
2012-11-29,376.8
2012-11-30,386.2
2012-12-03,390.7
2012-12-04,390.15
2012-12-05,398.2
2012-12-06,399.8
2012-12-07,394.25
2012-12-10,400.3
2012-12-11,396.1
2012-12-12,395.45
2012-12-13,388.65
2012-12-14,397
2012-12-17,399.05
2012-12-18,414.3
2012-12-19,424.1
2012-12-20,431.6
2012-12-21,430.7
2012-12-24,428.6
2012-12-26,429.9
2012-12-27,430.75
2012-12-28,428.55
2012-12-31,428.5
2013-01-01,438.2
2013-01-02,438.15
2013-01-03,442.3
2013-01-04,433.5
2013-01-07,440.9
2013-01-08,433.35
2013-01-09,422.3
2013-01-10,420.5
2013-01-11,417.3
2013-01-14,423.8
2013-01-15,424.8
2013-01-16,414.95
2013-01-17,418.7
2013-01-18,415
2013-01-21,414.1
2013-01-22,408.7
2013-01-23,407.55
2013-01-24,404.5
2013-01-25,406.75
2013-01-28,405.65
2013-01-29,399
2013-01-30,406.25
2013-01-31,404.9
2013-02-01,400.85
2013-02-04,395.05
2013-02-05,394.75
2013-02-06,397.45
2013-02-07,390.4
2013-02-08,387.45
2013-02-11,384.8
2013-02-12,384.9
2013-02-13,376
2013-02-14,380.9
2013-02-15,376.1
2013-02-18,385.25
2013-02-19,386.7
2013-02-20,379.25
2013-02-21,363.9
2013-02-22,364.5
2013-02-25,360.7
2013-02-26,349.45
2013-02-27,357.1
2013-02-28,341.5
2013-03-01,341.1
2013-03-04,334.7
2013-03-05,344.15
2013-03-06,352.75
2013-03-07,350.55
2013-03-08,359.15
2013-03-11,359.35
2013-03-12,356.25
2013-03-13,352.1
2013-03-14,357.1
2013-03-15,354.45
2013-03-18,349.3
2013-03-19,339.7
2013-03-20,334.75
2013-03-21,327.85
2013-03-22,321.85
2013-03-25,314.4
2013-03-26,306.55
2013-03-28,312.85
2013-04-01,314.7
2013-04-02,319.7
2013-04-03,316.85
2013-04-04,304.35
2013-04-05,309.2
2013-04-08,305.9
2013-04-09,304.4
2013-04-10,305.25
2013-04-11,298.5
2013-04-12,299.5
2013-04-15,294.45
2013-04-16,298.35
2013-04-17,297.05
2013-04-18,299.8
2013-04-22,306.7
2013-04-23,309.1
2013-04-25,312.55
2013-04-26,305.05
2013-04-29,302.45
2013-04-30,302.75
2013-05-02,304.6
2013-05-03,311.2
2013-05-06,322.55
2013-05-07,324.7
2013-05-08,318.65
2013-05-09,316.1
2013-05-10,318.5
2013-05-11,318.7
2013-05-13,305.6
2013-05-14,303.9
2013-05-15,308.3
2013-05-16,311.8
2013-05-17,311.85
2013-05-20,315.35
2013-05-21,308.6
2013-05-22,305.95
2013-05-23,299.55
2013-05-24,313
2013-05-27,317.15
2013-05-28,321.8
2013-05-29,314.55
2013-05-30,301.65
2013-05-31,291.75
2013-06-03,296.5
2013-06-04,298.75
2013-06-05,299.1
2013-06-06,295.3
2013-06-07,292.05
2013-06-10,290.6
2013-06-11,281.2
2013-06-12,273.75
2013-06-13,266.15
2013-06-14,274.15
2013-06-17,277.05
2013-06-18,285.1
2013-06-19,291.1
2013-06-20,272.55
2013-06-21,272.05
2013-06-24,266.65
2013-06-25,266.45
2013-06-26,264.6
2013-06-27,264.15
2013-06-28,273.75
2013-07-01,280.7
2013-07-02,281.95
2013-07-03,269.55
2013-07-04,264.8
2013-07-05,264.7
2013-07-08,259.9
2013-07-09,261.65
2013-07-10,256.2
2013-07-11,261.05
2013-07-12,262.65
2013-07-15,257.45
2013-07-16,251.6
2013-07-17,243.2
2013-07-18,244.7
2013-07-19,241
2013-07-22,233.8
2013-07-23,234.6
2013-07-24,229.6
2013-07-25,222.85
2013-07-26,218.9
2013-07-29,215.4
2013-07-30,209.4
2013-07-31,215.7
2013-08-01,210.15
2013-08-02,202.35
2013-08-05,207.9
2013-08-06,198.25
2013-08-07,207.95
2013-08-08,218.8
2013-08-12,236.55
2013-08-13,241.4
2013-08-14,250.1
2013-08-16,235.35
2013-08-19,246.85
2013-08-20,257
2013-08-21,248.15
2013-08-22,274.1
2013-08-23,282.3
2013-08-26,277.15
2013-08-27,272.3
2013-08-28,279
2013-08-29,278.35
2013-08-30,274
2013-09-02,289.4
2013-09-03,281.3
2013-09-04,289.9
2013-09-05,288.65
2013-09-06,292.15
2013-09-10,300.6
2013-09-11,315.7
2013-09-12,302.75
2013-09-13,298.3
2013-09-16,291.6
2013-09-17,288.2
2013-09-18,290.2
2013-09-19,310.6
2013-09-20,300
2013-09-23,293.5
2013-09-24,292.55
2013-09-25,291.1
2013-09-26,299.9
2013-09-27,287.4
2013-09-30,271.55
2013-10-01,275.75
2013-10-03,285.85
2013-10-04,288.45
2013-10-07,300.4
2013-10-08,296.8
2013-10-09,303.25
2013-10-10,308.6
2013-10-11,307.9
2013-10-14,301.6
2013-10-15,310.5
2013-10-17,310.1
2013-10-18,328.9
2013-10-21,336.1
2013-10-22,339.95
2013-10-23,335.2
2013-10-24,332.15
2013-10-25,321.85
2013-10-28,312.3
2013-10-29,325.85
2013-10-30,326.6
2013-10-31,334.9
2013-11-01,336.15
2013-11-03,338.85
2013-11-05,338.95
2013-11-06,333.3
2013-11-07,345.8
2013-11-08,355.75
2013-11-11,360.8
2013-11-12,352.45
2013-11-13,357.75
2013-11-14,375.35
2013-11-18,386.8
2013-11-19,383.25
2013-11-20,385
2013-11-21,382.6
2013-11-22,392.45
2013-11-25,397.95
2013-11-26,391.75
2013-11-27,394.75
2013-11-28,400.9
2013-11-29,400.6
2013-12-02,408.3
2013-12-03,409.8
2013-12-04,413.95
2013-12-05,421.4
2013-12-06,422.7
2013-12-09,420.95
2013-12-10,423.3
2013-12-11,418.25
2013-12-12,412.75
2013-12-13,415.15
2013-12-16,408.9
2013-12-17,408.7
2013-12-18,414.9
2013-12-19,410.8
2013-12-20,417.95
2013-12-23,423.15
2013-12-24,418.4
2013-12-26,425.35
2013-12-27,425.05
2013-12-30,425.55
2013-12-31,424.2
2014-01-01,425.9
2014-01-02,419.2
2014-01-03,412.5
2014-01-06,408.3
2014-01-07,394.7
2014-01-08,392.4
2014-01-09,390.8
2014-01-10,384.5
2014-01-13,385.95
2014-01-14,374.35
2014-01-15,375
2014-01-16,381.1
2014-01-17,377.65
2014-01-20,374.55
2014-01-21,383.6
2014-01-22,393.25
2014-01-23,389.25
2014-01-24,376
2014-01-27,353.55
2014-01-28,366.65
2014-01-29,358
2014-01-30,346.55
2014-01-31,356.05
2014-02-03,343.1
2014-02-04,342.95
2014-02-05,359.4
2014-02-06,361.25
2014-02-07,384.45
2014-02-10,382.5
2014-02-11,389.75
2014-02-12,374.35
2014-02-13,367.45
2014-02-14,370.8
2014-02-17,374.05
2014-02-18,379.65
2014-02-19,373.85
2014-02-20,366.75
2014-02-21,374.4
2014-02-24,369.2
2014-02-25,360.55
2014-02-26,349.3
2014-02-28,343.8
2014-03-03,345.3
2014-03-04,351.75
2014-03-05,355.95
2014-03-06,364.2
2014-03-07,371.1
2014-03-10,364.15
2014-03-11,343.75
2014-03-12,339.6
2014-03-13,336.85
2014-03-14,341.7
2014-03-18,340.7
2014-03-19,356.6
2014-03-20,349.95
2014-03-21,362.85
2014-03-22,362.3
2014-03-24,363.1
2014-03-25,367.1
2014-03-26,374.8
2014-03-27,375.4
2014-03-28,381.5
2014-03-31,393.95
2014-04-01,401.15
2014-04-02,403.45
2014-04-03,397.65
2014-04-04,402
2014-04-07,406.65
2014-04-09,418.75
2014-04-10,417.8
2014-04-11,419.85
2014-04-15,409.15
2014-04-16,413.7
2014-04-17,418.9
2014-04-21,423.5
2014-04-22,420.85
2014-04-23,426.55
2014-04-25,426.9
2014-04-28,425.8
2014-04-29,405.5
2014-04-30,400.65
2014-05-02,390.05
2014-05-05,397.55
2014-05-06,401.75
2014-05-07,399.9
2014-05-08,402
2014-05-09,416.7
2014-05-12,420.05
2014-05-13,427.1
2014-05-14,452.35
2014-05-15,460.6
2014-05-16,440.9
2014-05-19,450.75
2014-05-20,467.15
2014-05-21,462.55
2014-05-22,470.9
2014-05-23,478.2
2014-05-26,467.65
2014-05-27,477.6
2014-05-28,469.25
2014-05-29,465.95
2014-05-30,475.1
2014-06-02,492.9
2014-06-03,526.8
2014-06-04,537.4
2014-06-05,556.95
2014-06-06,560.65
2014-06-09,575.25
2014-06-10,558.7
2014-06-11,549.45
2014-06-12,549.65
2014-06-13,525.55
2014-06-16,524.6
2014-06-17,532.3
2014-06-18,521.9
2014-06-19,519.45
2014-06-20,519.9
2014-06-23,526.9
2014-06-24,532.3
2014-06-25,530.95
2014-06-26,525.8
2014-06-27,518.9
2014-06-30,528.4
2014-07-01,540.65
2014-07-02,543.5
2014-07-03,539.05
2014-07-04,536.6
2014-07-07,536.05
2014-07-08,513.55
2014-07-09,518.35
2014-07-10,521.4
2014-07-11,501.9
2014-07-14,513.4
2014-07-15,527.15
2014-07-16,542.7
2014-07-17,558.8
2014-07-18,563
2014-07-21,562.7
2014-07-22,562.2
2014-07-23,554.55
2014-07-24,568.1
2014-07-25,557.6
2014-07-28,548.5
2014-07-30,546.1
2014-07-31,553.4
2014-08-01,548.75
2014-08-04,551.85
2014-08-05,562.2
2014-08-06,550.5
2014-08-07,555.8
2014-08-08,537.7
2014-08-11,534.75
2014-08-12,542.05
2014-08-13,534.5
2014-08-14,541.7
2014-08-18,546.45
2014-08-19,544.1
2014-08-20,545.55
2014-08-21,536.6
2014-08-22,537.75
2014-08-25,512
2014-08-26,524.95
2014-08-27,523.2
2014-08-28,513.15
2014-09-01,524.1
2014-09-02,519.2
2014-09-03,526
2014-09-04,509.05
2014-09-05,513.4
2014-09-08,517.45
2014-09-09,518.65
2014-09-10,519.2
2014-09-11,517.6
2014-09-12,515.95
2014-09-15,507.7
2014-09-16,490.15
2014-09-17,498.4
2014-09-18,505.45
2014-09-19,511
2014-09-22,500.9
2014-09-23,485.6
2014-09-24,472.2
2014-09-25,460.4
2014-09-26,474.25
2014-09-29,466.4
2014-09-30,459.05
2014-10-01,448.8
2014-10-07,440.15
2014-10-08,456.15
2014-10-09,467.55
2014-10-10,448.05
2014-10-13,457.75
2014-10-14,456.05
2014-10-16,439.1
2014-10-17,447.55
2014-10-20,450.15
2014-10-21,455.7
2014-10-22,457.15
2014-10-23,459.1
2014-10-27,450.5
2014-10-28,451.2
2014-10-29,471.7
2014-10-30,474.5
2014-10-31,490
2014-11-03,489.15
2014-11-05,478.1
2014-11-07,471.4
2014-11-10,470.85
2014-11-11,480.3
2014-11-12,468.35
2014-11-13,471.25
2014-11-14,478.15
2014-11-17,480.1
2014-11-18,486.4
2014-11-19,471
2014-11-20,466.6
2014-11-21,462.9
2014-11-24,476.6
2014-11-25,464.45
2014-11-26,466.25
2014-11-27,460.2
2014-11-28,473.35
2014-12-01,461.15
2014-12-02,465.2
2014-12-03,463.75
2014-12-04,461.85
2014-12-05,461.15
2014-12-08,451.85
2014-12-09,436.3
2014-12-10,432.5
2014-12-11,418.75
2014-12-12,402.7
2014-12-15,400.95
2014-12-16,389.65
2014-12-17,393.45
2014-12-18,401.6
2014-12-19,405.45
2014-12-22,404.05
2014-12-23,394.8
2014-12-24,395.25
2014-12-26,398.25
2014-12-29,404.1
2014-12-30,396.3
2014-12-31,399.4
2015-01-01,404.45
2015-01-02,410.75
2015-01-05,416.7
2015-01-06,396.5
2015-01-07,388.9
2015-01-08,394.95
2015-01-09,399.65
2015-01-12,396.75
2015-01-13,391.5
2015-01-14,376.85
2015-01-15,384.75
2015-01-16,383.4
2015-01-19,384.75
2015-01-20,402
2015-01-21,397.1
2015-01-22,403.4
2015-01-23,403.1
2015-01-27,398.4
2015-01-28,391.15
2015-01-29,390.4
2015-01-30,390.45
2015-02-02,383.85
2015-02-03,381.1
2015-02-04,389.2
2015-02-05,379.25
2015-02-06,368.65
2015-02-09,347.45
2015-02-10,357.75
2015-02-11,365
2015-02-12,365.3
2015-02-13,366.55
2015-02-16,369.8
2015-02-18,367.5
2015-02-19,375.25
2015-02-20,374.7
2015-02-23,367.35
2015-02-24,359.1
2015-02-25,350.9
2015-02-26,345.2
2015-02-27,350.65
2015-02-28,355.25
2015-03-02,352.55
2015-03-03,353.15
2015-03-04,348.15
2015-03-05,343.25
2015-03-09,336.3
2015-03-10,331.6
2015-03-11,325.3
2015-03-12,333.2
2015-03-13,326.5
2015-03-16,326.2
2015-03-17,332.55
2015-03-18,331.75
2015-03-19,336.6
2015-03-20,328.7
2015-03-23,331.4
2015-03-24,327.15
2015-03-25,323.15
2015-03-26,315.6
2015-03-27,315.1
2015-03-30,322.4
2015-03-31,316.75
2015-04-01,323.65
2015-04-06,318.1
2015-04-07,333.5
2015-04-08,336.1
2015-04-09,346.05
2015-04-10,342.7
2015-04-13,345.2
2015-04-15,337.65
2015-04-16,337.7
2015-04-17,346
2015-04-20,344.45
2015-04-21,348.25
2015-04-22,351.35
2015-04-23,369.45
2015-04-24,370.5
2015-04-27,368.9
2015-04-28,371.25
2015-04-29,369.95
2015-04-30,360.35
2015-05-04,361.65
2015-05-05,380.1
2015-05-06,367.65
2015-05-07,367.3
2015-05-08,366.7
2015-05-11,377.1
2015-05-12,353.6
2015-05-13,359.5
2015-05-14,366.4
2015-05-15,364.1
2015-05-18,364.15
2015-05-19,368.35
2015-05-20,361.3
2015-05-21,342.25
2015-05-22,341.3
2015-05-25,332
2015-05-26,332.85
2015-05-27,328.15
2015-05-28,324.7
2015-05-29,328.5
2015-06-01,329.65
2015-06-02,321.75
2015-06-03,316.25
2015-06-04,308.05
2015-06-05,311.1
2015-06-08,302.25
2015-06-09,304.75
2015-06-10,306
2015-06-11,298.7
2015-06-12,297.55
2015-06-15,297
2015-06-16,294.45
2015-06-17,305.05
2015-06-18,303.7
2015-06-19,304.95
2015-06-22,310.65
2015-06-23,313.05
2015-06-24,304.55
2015-06-25,302.7
2015-06-26,298.65
2015-06-29,296.3
2015-06-30,304.6
2015-07-01,306.95
2015-07-02,304.35
2015-07-03,301.2
2015-07-06,299
2015-07-07,298.2
2015-07-08,283.15
2015-07-09,280.5
2015-07-10,280.9
2015-07-13,284.45
2015-07-14,281.15
2015-07-15,280.4
2015-07-16,280.8
2015-07-17,284.05
2015-07-20,283.55
2015-07-21,274.7
2015-07-22,280.4
2015-07-23,269.9
2015-07-24,265.05
2015-07-27,250.75
2015-07-28,249.25
2015-07-29,250.55
2015-07-30,248.15
2015-07-31,246.9
2015-08-03,247.95
2015-08-04,256.3
2015-08-05,262.3
2015-08-06,261
2015-08-07,262.05
2015-08-10,261.15
2015-08-11,246.8
2015-08-12,249.05
2015-08-13,233.6
2015-08-14,237.6
2015-08-17,246.75
2015-08-18,252.35
2015-08-19,249.8
2015-08-20,241.55
2015-08-21,237.25
2015-08-24,206.1
2015-08-25,213.45
2015-08-26,215.65
2015-08-27,226.4
2015-08-28,228.95
2015-08-31,225.4
2015-09-01,216.3
2015-09-02,219.5
2015-09-03,229.75
2015-09-04,218.9
2015-09-07,215.85
2015-09-08,228.75
2015-09-09,239.5
2015-09-10,240.2
2015-09-11,232.95
2015-09-14,241.8
2015-09-15,229.15
2015-09-16,230.5
2015-09-18,228.1
2015-09-21,226.45
2015-09-22,220.1
2015-09-23,221
2015-09-24,215.15
2015-09-28,209.25
2015-09-29,201.4
2015-09-30,212.6
2015-10-01,212.25
2015-10-05,225
2015-10-06,227.5
2015-10-07,236.8
2015-10-08,240.8
2015-10-09,251.1
2015-10-12,250.85
2015-10-13,245
2015-10-14,248.35
2015-10-15,255.25
2015-10-16,252.9
2015-10-19,248.4
2015-10-20,240.8
2015-10-21,244.4
2015-10-23,246
2015-10-26,249.65
2015-10-27,245.95
2015-10-28,247.15
2015-10-29,247.6
2015-10-30,246.6
2015-11-02,238.9
2015-11-03,235.7
2015-11-04,235.4
2015-11-05,225.4
2015-11-06,220.25
2015-11-09,222.25
2015-11-10,218.05
2015-11-11,220.45
2015-11-13,222.65
2015-11-16,230.6
2015-11-17,234.55
2015-11-18,225.85
2015-11-19,228.75
2015-11-20,230
2015-11-23,224.45
2015-11-24,224.35
2015-11-26,227.9
2015-11-27,231.25
2015-11-30,229.6
2015-12-01,237.55
2015-12-02,243.85
2015-12-03,240.15
2015-12-04,240.25
2015-12-07,243.55
2015-12-08,234.75
2015-12-09,226.85
2015-12-10,233
2015-12-11,240.9
2015-12-14,245
2015-12-15,244.35
2015-12-16,244.7
2015-12-17,257.1
2015-12-18,255.65
2015-12-21,258.45
2015-12-22,257.4
2015-12-23,264.45
2015-12-24,263.35
2015-12-28,254.1
2015-12-29,255.3
2015-12-30,258.7
2015-12-31,259.8
2016-01-01,257.4
2016-01-04,256.9
2016-01-05,274.3
2016-01-06,268.75
2016-01-07,249.9
2016-01-08,253.6
2016-01-11,251.65
2016-01-12,245.75
2016-01-13,246.6
2016-01-14,238.75
2016-01-15,229.7
2016-01-18,235.9
2016-01-19,238
2016-01-20,232
2016-01-21,235.6
2016-01-22,247.8
2016-01-25,254.9
2016-01-27,257.6
2016-01-28,254.2
2016-01-29,249.7
2016-02-01,249.3
2016-02-02,231.45
2016-02-03,224
2016-02-04,225.95
2016-02-05,233.85
2016-02-08,234.1
2016-02-09,235.5
2016-02-10,235.7
2016-02-11,224.5
2016-02-12,217.5
2016-02-15,246.7
2016-02-16,244.85
2016-02-17,251.25
2016-02-18,250.85
2016-02-19,253.25
2016-02-22,255.25
2016-02-23,253.55
2016-02-24,247.9
2016-02-25,248.15
2016-02-26,248.45
2016-02-29,249.1
2016-03-01,257.05
2016-03-02,267.55
2016-03-03,287.05
2016-03-04,288.55
2016-03-08,291.8
2016-03-09,295.4
2016-03-10,296.7
2016-03-11,294.05
2016-03-14,296.7
2016-03-15,300.45
2016-03-16,299.5
2016-03-17,295.9
2016-03-18,302.2
2016-03-21,303.55
2016-03-22,309.8
2016-03-23,317.2
2016-03-28,299.15
2016-03-29,303.85
2016-03-30,324.3
2016-03-31,319.7
2016-04-01,317.75
2016-04-04,320.35
2016-04-05,312.3
2016-04-06,328.55
2016-04-07,323.7
2016-04-08,322.1
2016-04-11,331.15
2016-04-12,324.5
2016-04-13,332.85
2016-04-18,335.55
2016-04-20,357.45
2016-04-21,354.55
2016-04-22,353.65
2016-04-25,347.45
2016-04-26,358.6
2016-04-27,356.75
2016-04-28,347.6
2016-04-29,351.1
2016-05-02,346.95
2016-05-03,348.9
2016-05-04,328.75
2016-05-05,331.8
2016-05-06,329.3
2016-05-09,328.7
2016-05-10,328.05
2016-05-11,329.8
2016-05-12,330.6
2016-05-13,322.65
2016-05-16,326.4
2016-05-17,327.15
2016-05-18,329.05
2016-05-19,326.25
2016-05-20,322.65
2016-05-23,313.55
2016-05-24,317.7
2016-05-25,324.6
2016-05-26,325.2
2016-05-27,329.6
2016-05-30,322.35
2016-05-31,334.35
2016-06-01,332.15
2016-06-02,340.65
2016-06-03,338.55
2016-06-06,337.85
2016-06-07,342.6
2016-06-08,341.5
2016-06-09,342.05
2016-06-10,334.4
2016-06-13,323.1
2016-06-14,324.95
2016-06-15,330.25
2016-06-16,330.5
2016-06-17,325.45
2016-06-20,336.25
2016-06-21,334.05
2016-06-22,332.45
2016-06-23,333.95
2016-06-24,312.65
2016-06-27,310.5
2016-06-28,311.5
2016-06-29,313.6
2016-06-30,321.95
2016-07-01,328.1
2016-07-04,331.25
2016-07-05,333.65
2016-07-07,317.7
2016-07-08,318.35
2016-07-11,327
2016-07-12,342.3
2016-07-13,357.75
2016-07-14,359.3
2016-07-15,372.9
2016-07-18,365.65
2016-07-19,370.25
2016-07-20,368.45
2016-07-21,362.3
2016-07-22,365.45
2016-07-25,363.65
2016-07-26,367.8
2016-07-27,363.05
2016-07-28,349.85
2016-07-29,355.05
2016-08-01,364.85
2016-08-02,361.85
2016-08-03,358.05
2016-08-04,373.8
2016-08-05,381.7
2016-08-08,379.55
2016-08-09,375.35
2016-08-10,370.3
2016-08-11,368.35
2016-08-12,374.75
2016-08-16,379.15
2016-08-17,391.85
2016-08-18,387.2
2016-08-19,392.15
2016-08-22,388.15
2016-08-23,385.15
2016-08-24,379.95
2016-08-25,372.3
2016-08-26,369.45
2016-08-29,373.75
2016-08-30,377.75
2016-08-31,370.1
2016-09-01,374.6
2016-09-02,374.2
2016-09-06,385.75
2016-09-07,389.95
2016-09-08,403
2016-09-09,394.6
2016-09-12,373.3
2016-09-14,373.9
2016-09-15,366.4
2016-09-16,358.85
2016-09-19,361.65
2016-09-20,365.6
2016-09-21,369.8
2016-09-22,377.25
2016-09-23,372
2016-09-26,369.75
2016-09-27,367.95
2016-09-28,380.35
2016-09-29,368.8
2016-09-30,374.25
2016-10-03,382.85
2016-10-04,391.15
2016-10-05,390.7
2016-10-06,389.85
2016-10-07,406.55
2016-10-10,418.4
2016-10-13,413.8
2016-10-14,412.3
2016-10-17,410.8
2016-10-18,424.95
2016-10-19,426
2016-10-20,428.55
2016-10-21,427.2
2016-10-24,426.05
2016-10-25,415.25
2016-10-26,398.6
2016-10-27,397.15
2016-10-28,405.45
2016-10-30,404.7
2016-11-01,417.7
2016-11-02,413.35
2016-11-03,403.3
2016-11-04,403.1
2016-11-07,412.6
2016-11-08,408.65
2016-11-09,399.35
2016-11-10,437
2016-11-11,426.5
2016-11-15,393.05
2016-11-16,392.75
2016-11-17,392.75
2016-11-18,385.1
2016-11-21,371.45
2016-11-22,378.05
2016-11-23,392.7
2016-11-24,398.15
2016-11-25,408.75
2016-11-28,406.6
2016-11-29,408.95
2016-11-30,415.05
2016-12-01,409.6
2016-12-02,406.4
2016-12-05,413.5
2016-12-06,418.45
2016-12-07,411.9
2016-12-08,431.3
2016-12-09,430.55
2016-12-12,424.2
2016-12-13,421.1
2016-12-14,417.75
2016-12-15,419.3
2016-12-16,414.05
2016-12-19,410.35
2016-12-20,403.5
2016-12-21,404.5
2016-12-22,392.2
2016-12-23,390.85
2016-12-26,380.1
2016-12-27,392.4
2016-12-28,388.45
2016-12-29,392.35
2016-12-30,391.25
2017-01-02,406.75
2017-01-03,403.3
2017-01-04,405.45
2017-01-05,419.3
2017-01-06,419.55
2017-01-09,422
2017-01-10,431.9
2017-01-11,448.25
2017-01-12,447.55
2017-01-13,446.35
2017-01-16,458.45
2017-01-17,454.25
2017-01-18,468.35
2017-01-19,467.15
2017-01-20,454.5
2017-01-23,461.8
2017-01-24,464.25
2017-01-25,469.5
2017-01-27,469.3
2017-01-30,462.05
2017-01-31,463.05
2017-02-01,474.6
2017-02-02,476.95
2017-02-03,472.8
2017-02-06,473.4
2017-02-07,472.8
2017-02-08,470.65
2017-02-09,459.85
2017-02-10,468.2
2017-02-13,472.6
2017-02-14,472.4
2017-02-15,460.1
2017-02-16,469.95
2017-02-17,468.2
2017-02-20,487.05
2017-02-21,490.95
2017-02-22,484.05
2017-02-23,485.75
2017-02-27,480.6
2017-02-28,482.7
2017-03-01,500.35
2017-03-02,494.65
2017-03-03,495.1
2017-03-06,492.7
2017-03-07,482
2017-03-08,472.45
2017-03-09,469.45
2017-03-10,467.75
2017-03-14,472.55
2017-03-15,479.05
2017-03-16,499.65
2017-03-17,502.2
2017-03-20,496.65
2017-03-21,496.4
2017-03-22,488.1
2017-03-23,495.5
2017-03-24,493.2
2017-03-27,476.5
2017-03-28,480.2
2017-03-29,484.4
2017-03-30,477.5
2017-03-31,482.7
2017-04-03,485.85
2017-04-05,493.3
2017-04-06,501.65
2017-04-07,493.2
2017-04-10,495.35
2017-04-11,488.1
2017-04-12,477.4
2017-04-13,463.55
2017-04-17,462.4
2017-04-18,449.9
2017-04-19,450.75
2017-04-20,454.4
2017-04-21,450.85
2017-04-24,450.7
2017-04-25,454.65
2017-04-26,453.8
2017-04-27,445.85
2017-04-28,449.25
2017-05-02,445.05
2017-05-03,440.8
2017-05-04,442.45
2017-05-05,433.6
2017-05-08,431.9
2017-05-09,433.5
2017-05-10,437.45
2017-05-11,441.15
2017-05-12,436.7
2017-05-15,456.05
2017-05-16,456.55
2017-05-17,493.9
2017-05-18,486.25
2017-05-19,489.5
2017-05-22,486.4
2017-05-23,490.4
2017-05-24,483.35
2017-05-25,484.7
2017-05-26,511.75
2017-05-29,507.7
2017-05-30,511.85
2017-05-31,504.7
2017-06-01,497.15
2017-06-02,491.95
2017-06-05,491.3
2017-06-06,490.3
2017-06-07,490.85
2017-06-08,499
2017-06-09,507.05
2017-06-12,508.4
2017-06-13,508.6
2017-06-14,502.65
2017-06-15,502.55
2017-06-16,501.95
2017-06-19,519.55
2017-06-20,522.35
2017-06-21,517.65
2017-06-22,515
2017-06-23,507.25
2017-06-27,510.9
2017-06-28,520.6
2017-06-29,535.05
2017-06-30,545.75
2017-07-03,550.6
2017-07-04,547.55
2017-07-05,549.95
2017-07-06,554.65
2017-07-07,553.35
2017-07-10,559.35
2017-07-11,556.85
2017-07-12,559.1
2017-07-13,563.95
2017-07-14,558.4
2017-07-17,559.8
2017-07-18,563.3
2017-07-19,571.2
2017-07-20,557.2
2017-07-21,553.25
2017-07-24,548.5
2017-07-25,552.95
2017-07-26,565.75
2017-07-27,561.25
2017-07-28,551.9
2017-07-31,567.1
2017-08-01,572.4
2017-08-02,569.25
2017-08-03,559.3
2017-08-04,575.85
2017-08-07,600.05
2017-08-08,616.45
2017-08-09,605.05
2017-08-10,604.35
2017-08-11,596.75
2017-08-14,623.75
2017-08-16,631.2
2017-08-17,625.4
2017-08-18,625.65
2017-08-21,621.55
2017-08-22,619.6
2017-08-23,634.6
2017-08-24,639
2017-08-28,635.85
2017-08-29,630.2
2017-08-30,638.65
2017-08-31,638.05
2017-09-01,651.2
2017-09-04,646.55
2017-09-05,652.1
2017-09-06,653
2017-09-07,652.8
2017-09-08,655.4
2017-09-11,662.6
2017-09-12,682.9
2017-09-13,679.65
2017-09-14,677.7
2017-09-15,678.95
2017-09-18,672.9
2017-09-19,676.4
2017-09-20,687.65
2017-09-21,687.1
2017-09-22,654
2017-09-25,639.75
2017-09-26,654.1
2017-09-27,649.35
2017-09-28,649.7
2017-09-29,652.55
2017-10-03,660.8
2017-10-04,659
2017-10-05,661
2017-10-06,691.45
2017-10-09,697.25
2017-10-10,690.8
2017-10-11,682.3
2017-10-12,691.6
2017-10-13,710.85
2017-10-16,714.95
2017-10-17,712.5
2017-10-18,709.6
2017-10-19,705.5
2017-10-23,712
2017-10-24,719.3
2017-10-25,717.6
2017-10-26,729.2
2017-10-27,726.8
2017-10-30,718.25
2017-10-31,703.8
2017-11-01,707.3
2017-11-02,706.1
2017-11-03,708.9
2017-11-06,706.8
2017-11-07,693.2
2017-11-08,693.15
2017-11-09,703.4
2017-11-10,702.25
2017-11-13,691.05
2017-11-14,685.5
2017-11-15,677.75
2017-11-16,686.35
2017-11-17,701.2
2017-11-20,702.15
2017-11-21,711.35
2017-11-22,711.05
2017-11-23,712.7
2017-11-24,708.45
2017-11-27,702.55
2017-11-28,703.85
2017-11-29,709.3
2017-11-30,694.15
2017-12-01,680.9
2017-12-04,687.8
2017-12-05,675.7
2017-12-06,667.6
2017-12-07,688
2017-12-08,697.8
2017-12-11,699.55
2017-12-12,689.85
2017-12-13,680.85
2017-12-14,685.75
2017-12-15,694.7
2017-12-18,704.7
2017-12-19,710.2
2017-12-20,702.8
2017-12-21,714.6
2017-12-22,711.2
2017-12-26,721.65
2017-12-27,723.45
2017-12-28,736.25
2017-12-29,732.4
2018-01-01,722.2
2018-01-02,729.3
2018-01-03,734.95
2018-01-04,760.25
2018-01-05,770.7
2018-01-08,768.75
2018-01-09,772.3
2018-01-10,772.85
2018-01-11,770.95
2018-01-12,770.25
2018-01-15,783.5
2018-01-16,765.75
2018-01-17,774
2018-01-18,751.75
2018-01-19,753
2018-01-22,752.2
2018-01-23,779.75
2018-01-24,762.1
2018-01-25,769.15
2018-01-29,783.15
2018-01-30,775.85
2018-01-31,705.05
2018-02-01,696.75
2018-02-02,670.45
2018-02-05,664.05
2018-02-06,664.5
2018-02-07,661.8
2018-02-08,671.45
2018-02-09,685.3
2018-02-12,713.1
2018-02-14,708
2018-02-15,700.55
2018-02-16,689.75
2018-02-19,648.85
2018-02-20,651.3
2018-02-21,640.95
2018-02-22,637.55
2018-02-23,677.75
2018-02-26,680.2
2018-02-27,671.75
2018-02-28,671.6
2018-03-01,675.05
2018-03-05,655.9
2018-03-06,659.75
2018-03-07,647.7
2018-03-08,635.9
2018-03-09,606.75
2018-03-12,622.9
2018-03-13,628.85
2018-03-14,620.55
2018-03-15,611.75
2018-03-16,600.2
2018-03-19,574.95
2018-03-20,593
2018-03-21,582.25
2018-03-22,580.9
2018-03-23,566.5
2018-03-26,581.55
2018-03-27,590
2018-03-28,571.05
2018-04-02,578.8
2018-04-03,579.7
2018-04-04,560.55
2018-04-05,580.45
2018-04-06,587.2
2018-04-09,586.15
2018-04-10,601.9
2018-04-11,608.05
2018-04-12,598.4
2018-04-13,594.05
2018-04-16,591.6
2018-04-17,596.05
2018-04-18,601.6
2018-04-19,621.95
2018-04-20,606.2
2018-04-23,606.6
2018-04-24,597.55
2018-04-25,586.2
2018-04-26,578.2
2018-04-27,589.8
2018-04-30,594.95
2018-05-02,574.5
2018-05-03,585.45
2018-05-04,580.75
2018-05-07,596.45
2018-05-08,596.35
2018-05-09,603.15
2018-05-10,594.15
2018-05-11,607.25
2018-05-14,610.35
2018-05-15,625.95
2018-05-16,621.25
2018-05-17,610.3
2018-05-18,591.4
2018-05-21,577
2018-05-22,576.8
2018-05-23,540.05
2018-05-24,548.2
2018-05-25,568.25
2018-05-28,576.65
2018-05-29,575.35
2018-05-30,577.9
2018-05-31,575.65
2018-06-01,560.65
2018-06-04,566.15
2018-06-05,572.1
2018-06-06,579.75
2018-06-07,602.1
2018-06-08,600.5
2018-06-11,588.65
2018-06-12,580
2018-06-13,567.6
2018-06-14,569.55
2018-06-15,566
2018-06-18,558.5
2018-06-19,555
2018-06-20,563.25
2018-06-21,557.75
2018-06-22,561.85
2018-06-25,558.6
2018-06-26,549.5
2018-06-27,543.2
2018-06-28,548.45
2018-06-29,567.75
2018-07-02,560.5
2018-07-03,566
2018-07-04,571.1
2018-07-05,553.3
2018-07-06,553.5
2018-07-09,555.6
2018-07-10,568.65
2018-07-11,555.7
2018-07-12,555.2
2018-07-13,558.6
2018-07-16,519.25
2018-07-17,532.35
2018-07-18,504.25
2018-07-19,498.65
2018-07-20,503.2
2018-07-23,516.9
2018-07-24,527.4
2018-07-25,536
2018-07-26,534.85
2018-07-27,550.2
2018-07-30,553
2018-07-31,563.05
2018-08-01,555.8
2018-08-02,554.3
2018-08-03,554.45
2018-08-06,553.25
2018-08-07,573.15
2018-08-08,577.5
2018-08-09,585.95
2018-08-10,576.7
2018-08-13,568.8
2018-08-14,578.95
2018-08-16,567.55
2018-08-17,580.15
2018-08-20,599.4
2018-08-21,582.15
2018-08-23,571.65
2018-08-24,575.6
2018-08-27,581.2
2018-08-28,590.35
2018-08-29,594.2
2018-08-30,608.35
2018-08-31,600.5
2018-09-03,600.75
2018-09-04,593.05
2018-09-05,594.4
2018-09-06,600.3
2018-09-07,619.15
2018-09-10,613.65
2018-09-11,592.1
2018-09-12,605.55
2018-09-14,615
2018-09-17,616.4
2018-09-18,612.75
2018-09-19,621.2
2018-09-21,625.15
2018-09-24,607.7
2018-09-25,601
2018-09-26,608.9
2018-09-27,611.55
2018-09-28,581.25
2018-10-01,583.2
2018-10-03,579.6
2018-10-04,582.3
2018-10-05,568
2018-10-08,559.8
2018-10-09,572.5
2018-10-10,583.65
2018-10-11,555.15
2018-10-12,576.5
2018-10-15,570
2018-10-16,572.8
2018-10-17,554.65
2018-10-19,554.95
2018-10-22,544.75
2018-10-23,545.6
2018-10-24,550.05
2018-10-25,545.75
2018-10-26,551.55
2018-10-29,573.7
2018-10-30,564.5
2018-10-31,553.85
2018-11-01,556.6
2018-11-02,574.05
2018-11-05,577.45
2018-11-06,575.75
2018-11-07,580.25
2018-11-09,572.2
2018-11-12,582.85
2018-11-13,589.2
2018-11-14,589.1
2018-11-15,589.35
2018-11-16,574.1
2018-11-19,582.4
2018-11-20,563.3
2018-11-21,551.4
2018-11-22,539.65
2018-11-26,530.7
2018-11-27,522.3
2018-11-28,523.95
2018-11-29,533.55
2018-11-30,529.5
2018-12-03,538.1
2018-12-04,538.2
2018-12-05,517.7
2018-12-06,510.2
2018-12-07,509.3
2018-12-10,502.85
2018-12-11,500.75
2018-12-12,520.25
2018-12-13,512.25
2018-12-14,513.55
2018-12-17,524
2018-12-18,527
2018-12-19,527.4
2018-12-20,523.35
2018-12-21,520.2
2018-12-24,513.7
2018-12-26,513.45
2018-12-27,506.5
2018-12-28,512.85
2018-12-31,521.05
2019-01-01,515.75
2019-01-02,493.65
2019-01-03,481.25
2019-01-04,487.65
2019-01-07,485.5
2019-01-08,491.35
2019-01-09,479.2
2019-01-10,480.4
2019-01-11,474.2
2019-01-14,470.85
2019-01-15,475.05
2019-01-16,474.55
2019-01-17,473.15
2019-01-18,470.65
2019-01-21,471.7
2019-01-22,456.55
2019-01-23,464.6
2019-01-24,460.75
2019-01-25,452.9
2019-01-28,445.7
2019-01-29,443.8
2019-01-30,467.45
2019-01-31,476.7
2019-02-01,474.7
2019-02-04,476.05
2019-02-05,464.7
2019-02-06,485.1
2019-02-07,489.05
2019-02-08,468.75
2019-02-11,480.7
2019-02-12,487.4
2019-02-13,484
2019-02-14,482.55
2019-02-15,467.5
2019-02-18,465.55
2019-02-19,470.95
2019-02-20,491.15
2019-02-21,498.85
2019-02-22,502.3
2019-02-25,505.1
2019-02-26,503.6
2019-02-27,507.1
2019-02-28,500.45
2019-03-01,507.6
2019-03-05,521.75
2019-03-06,520.85
2019-03-07,521.15
2019-03-08,507.85
2019-03-11,520.65
2019-03-12,525.15
2019-03-13,513.75
2019-03-14,517.65
2019-03-15,515.45
2019-03-18,525.2
2019-03-19,527.5
2019-03-20,513.6
2019-03-22,518.4
2019-03-25,515.15
2019-03-26,519.35
2019-03-27,515.8
2019-03-28,506.3
2019-03-29,521
2019-04-01,535.15
2019-04-02,530.65
2019-04-03,535.45
2019-04-04,530.65
2019-04-05,549.3
2019-04-08,549.05
2019-04-09,553.05
2019-04-10,544.4
2019-04-11,535.7
2019-04-12,533.65
2019-04-15,553.15
2019-04-16,553.25
2019-04-18,543.1
2019-04-22,534.2
2019-04-23,523.35
2019-04-24,525.25
2019-04-25,510.75
2019-04-26,545.25
2019-04-30,557.2
2019-05-02,554.95
2019-05-03,547.8
2019-05-06,535.95
2019-05-07,530.6
2019-05-08,522.65
2019-05-09,519.15
2019-05-10,486.8
2019-05-13,472.3
2019-05-14,469.55
2019-05-15,462.95
2019-05-16,469.25
2019-05-17,469.45
2019-05-20,483.8
2019-05-21,472.55
2019-05-22,473
2019-05-23,464.7
2019-05-24,484.15
2019-05-27,512.55
2019-05-28,507.05
2019-05-29,493.3
2019-05-30,487.95
2019-05-31,488.3
2019-06-03,497.65
2019-06-04,497.65
2019-06-06,484.6
2019-06-07,482.1
2019-06-10,486.05
2019-06-11,492.5
2019-06-12,505.85
2019-06-13,502.55
2019-06-14,501.8
2019-06-17,473.1
2019-06-18,472.3
2019-06-19,494.1
2019-06-20,501
2019-06-21,497.65
2019-06-24,486.25
2019-06-25,498
2019-06-26,510.6
2019-06-27,510.7
2019-06-28,504.4
2019-07-01,506.95
2019-07-02,508.8
2019-07-03,510.3
2019-07-04,495.3
2019-07-05,478.35
2019-07-08,468.05
2019-07-09,468.45
2019-07-10,454.8
2019-07-11,462
2019-07-12,472.9
2019-07-15,468.3
2019-07-16,476.7
2019-07-17,475.7
2019-07-18,466.6
2019-07-19,458.05
2019-07-22,465.55
2019-07-23,459.85
2019-07-24,446
2019-07-25,440.35
2019-07-26,445.5
2019-07-29,433.45
2019-07-30,415.05
2019-07-31,432.05
2019-08-01,420
2019-08-02,409.1
2019-08-05,399.25
2019-08-06,401.6
2019-08-07,381.9
2019-08-08,367.4
2019-08-09,362.35
2019-08-13,348.7
2019-08-14,364.65
2019-08-16,363.05
2019-08-19,359.55
2019-08-20,358.25
2019-08-21,343
2019-08-22,333.7
2019-08-23,345.25
2019-08-26,338.05
2019-08-27,350.9
2019-08-28,336.95
2019-08-29,335.55
2019-08-30,344.9
2019-09-03,331.4
2019-09-04,339.25
2019-09-05,345.15
2019-09-06,355.4
2019-09-09,353.8
2019-09-11,367.05
2019-09-12,365.05
2019-09-13,367.35
2019-09-16,361.1
2019-09-17,344.95
2019-09-18,358.25
2019-09-19,344.65
2019-09-20,368.55
2019-09-23,377.35
2019-09-24,370.8
2019-09-25,362.05
2019-09-26,375.75
2019-09-27,359.65
2019-09-30,360.5
2019-10-01,351.55
2019-10-03,339.6
2019-10-04,333.1
2019-10-07,324.8
2019-10-09,336.45
2019-10-10,329.95
2019-10-11,339
2019-10-14,344.85
2019-10-15,349.2
2019-10-16,347.4
2019-10-17,356.1
2019-10-18,359.6
2019-10-22,354.5
2019-10-23,356.2
2019-10-24,359.9
2019-10-25,362.25
2019-10-27,365
2019-10-29,390.2
2019-10-30,388
2019-10-31,380.55
2019-11-01,399.5
2019-11-04,409.15
2019-11-05,403.95
2019-11-06,404.45
2019-11-07,403.1
2019-11-08,397.95
2019-11-11,401.45
2019-11-13,397.9
2019-11-14,391.95
2019-11-15,394.5
2019-11-18,410.05
2019-11-19,401.75
2019-11-20,398.7
2019-11-21,385.1
2019-11-22,400
2019-11-25,419.5
2019-11-26,424.15
2019-11-27,421.35
2019-11-28,432.1
2019-11-29,427.5
2019-12-02,420.85
2019-12-03,399.65
2019-12-04,409.3
2019-12-05,399.8
2019-12-06,403.25
2019-12-09,406.7
2019-12-10,402.05
2019-12-11,405.55
2019-12-12,418.7
2019-12-13,428.4
2019-12-16,421
2019-12-17,439.4
2019-12-18,444.75
2019-12-19,446.75
2019-12-20,461
2019-12-23,462.15
2019-12-24,463
2019-12-26,467.9
2019-12-27,469.5
2019-12-30,474.75
2019-12-31,472.05
2020-01-01,467.75
2020-01-02,484.85
2020-01-03,483.7
2020-01-06,473.25
2020-01-07,476.1
2020-01-08,475.25
2020-01-09,483.15
2020-01-10,486.2
2020-01-13,495.75
2020-01-14,498.6
2020-01-15,502.1
2020-01-16,494.4
2020-01-17,495.25
2020-01-20,490.65
2020-01-21,476.15
2020-01-22,475.05
2020-01-23,480.25
2020-01-24,483.4
2020-01-27,462.45
2020-01-28,446.25
2020-01-29,452.2
2020-01-30,448.55
2020-01-31,438.7
2020-02-01,423.8
2020-02-03,436.05
2020-02-04,451.9
2020-02-05,475.05
2020-02-06,477.6
2020-02-07,471
2020-02-10,443.8
2020-02-11,444.1
2020-02-12,447.95
2020-02-13,441.25
2020-02-14,434.55
2020-02-17,436.85
2020-02-18,431.4
2020-02-19,433.2
2020-02-20,443.55
2020-02-24,415.45
2020-02-25,421.3
2020-02-26,416.3
2020-02-27,412.8
2020-02-28,381.75
2020-03-02,364.05
2020-03-03,387.55
2020-03-04,377.15
2020-03-05,375.75
2020-03-06,351.5
2020-03-09,322.3
2020-03-11,299.75
2020-03-12,287.45
2020-03-13,326.7
2020-03-16,289.6
2020-03-17,282.75
2020-03-18,280.85
2020-03-19,271.85
2020-03-20,297.75
2020-03-23,271.15
2020-03-24,271.9
2020-03-25,286.8
2020-03-26,284.45
2020-03-27,277.25
2020-03-30,254.05
2020-03-31,269.6
2020-04-01,266.35
2020-04-03,253.75
2020-04-07,276.2
2020-04-08,274.75
2020-04-09,284.85
2020-04-13,282.55
2020-04-15,285.15
2020-04-16,288.9
2020-04-17,293.35
2020-04-20,286.4
2020-04-21,265.95
2020-04-22,268.35
2020-04-23,270.3
2020-04-24,267.55
2020-04-27,271.65
2020-04-28,273.55
2020-04-29,282.65
2020-04-30,298.3
2020-05-04,273.6
2020-05-05,272.65
2020-05-06,277.75
2020-05-07,275.85
2020-05-08,272.9
2020-05-11,276.2
2020-05-12,273.95
2020-05-13,276.55
2020-05-14,268.55
2020-05-15,273.45
2020-05-18,266.6
2020-05-19,272
2020-05-20,283.2
2020-05-21,283.7
2020-05-22,274.45
2020-05-26,280.45
2020-05-27,287.95
2020-05-28,295.5
2020-05-29,295.2
2020-06-01,315.2
2020-06-02,319.4
2020-06-03,317.4
2020-06-04,319.95
2020-06-05,338.95
2020-06-08,333.6
2020-06-09,332.2
2020-06-10,324
2020-06-11,313.15
2020-06-12,317.6
2020-06-15,306.2
2020-06-16,308.95
2020-06-17,308.2
2020-06-18,318.1
2020-06-19,320.55
2020-06-22,325.7
2020-06-23,332
2020-06-24,326.05
2020-06-25,323.1
2020-06-26,323.85
2020-06-29,320.85
2020-06-30,326.7
2020-07-01,323.7
2020-07-02,334.9
2020-07-03,329.9
2020-07-06,338.9
2020-07-07,330.3
2020-07-08,334.2
2020-07-09,344.5
2020-07-10,338.7
2020-07-13,342.1
2020-07-14,336.65
2020-07-15,339.3
2020-07-16,341.65
2020-07-17,350.95
2020-07-20,352.4
2020-07-21,359.15
2020-07-22,350.05
2020-07-23,351.9
2020-07-24,346.1
2020-07-27,352.85
2020-07-28,358.5
2020-07-29,373.75
2020-07-30,366.6
2020-07-31,366.3
2020-08-03,373.5
2020-08-04,372.25
2020-08-05,395.8
2020-08-06,400.45
2020-08-07,404.05
2020-08-10,410.2
2020-08-11,416.45
2020-08-12,414.5
2020-08-13,413.1
2020-08-14,418.5
2020-08-17,425.05
2020-08-18,434.5
2020-08-19,431.7
2020-08-20,432.6
2020-08-21,428.85
2020-08-24,429.5
2020-08-25,424
2020-08-26,425
2020-08-27,426.85
2020-08-28,424.2
2020-08-31,413
2020-09-01,428.65
2020-09-02,438.65
2020-09-03,438.1
2020-09-04,421.3
2020-09-07,422.5
2020-09-08,405.1
2020-09-09,417.4
2020-09-10,408
2020-09-11,407.5
2020-09-14,404.65
2020-09-15,405.25
2020-09-16,404.6
2020-09-17,398.7
2020-09-18,395.5
2020-09-21,373.4
2020-09-22,374.15
2020-09-23,361.3
2020-09-24,343.9
2020-09-25,352.1
2020-09-28,361
2020-09-29,370.05
2020-09-30,359.75
2020-10-01,364.95
2020-10-05,382.3
2020-10-06,377.4
2020-10-07,371.1
2020-10-08,373.65
2020-10-09,369.5
2020-10-12,371.1
2020-10-13,368.35
2020-10-14,375.55
2020-10-15,373.9
2020-10-16,393.85
2020-10-19,395.5
2020-10-20,392.4
2020-10-21,404.05
2020-10-22,409.65
2020-10-23,423.45
2020-10-26,408.4
2020-10-27,411
2020-10-28,402.3
2020-10-29,401.4
2020-10-30,410.55
2020-11-02,402.85
2020-11-03,406.9
2020-11-04,403.9
2020-11-05,425.5
2020-11-06,426.5
2020-11-09,438.3
2020-11-10,441.9
2020-11-11,473.95
2020-11-12,473.15
2020-11-13,486.55
2020-11-14,492.2
2020-11-17,522.7
2020-11-18,517.2
2020-11-19,523.6
2020-11-20,532.9
2020-11-23,543.1
2020-11-24,548.3
2020-11-25,541.25
2020-11-26,568.4
2020-11-27,577.35
2020-12-01,585.8
2020-12-02,604.35
2020-12-03,620.9
2020-12-04,622.7
2020-12-07,614.55
2020-12-08,613.45
2020-12-09,609.35
2020-12-10,610.1
2020-12-11,621.7
2020-12-14,626.75
2020-12-15,635.35
2020-12-16,643.4
2020-12-17,635.3
2020-12-18,631.25
2020-12-21,595.85
2020-12-22,601.35
2020-12-23,621.4
2020-12-24,622.3
2020-12-28,632.65
2020-12-29,632.2
2020-12-30,640.45
2020-12-31,643.65
2021-01-01,643.1
2021-01-04,693
2021-01-05,680.55
2021-01-06,683.8
2021-01-07,722.8
2021-01-08,713.15
2021-01-11,695.65
2021-01-12,694.9
2021-01-13,709.15
2021-01-14,706.35
2021-01-15,705.9
2021-01-18,666.7
2021-01-19,681.1
2021-01-20,690.15
2021-01-21,666.7
2021-01-22,647
2021-01-25,651.95
2021-01-27,626
2021-01-28,623.7
2021-01-29,601
2021-02-01,636.1
2021-02-02,641.65
2021-02-03,653.15
2021-02-04,655.95
2021-02-05,685.05
2021-02-08,702.95
2021-02-09,699.2
2021-02-10,690.25
2021-02-11,694.7
2021-02-12,680.5
2021-02-15,672.15
2021-02-16,699.2
2021-02-17,696.8
2021-02-18,697.75
2021-02-19,670.7
2021-02-22,684.55
2021-02-23,729.3
2021-02-24,727.7
2021-02-25,742.9
2021-02-26,715.15
2021-03-01,730.4
2021-03-02,735.5
2021-03-03,777.15
2021-03-04,757.95
2021-03-05,733.3
2021-03-08,737.25
2021-03-09,706.75
2021-03-10,724.5
2021-03-12,719.95
2021-03-15,736.4
2021-03-16,724.05
2021-03-17,704.4
2021-03-18,704.85
2021-03-19,733
2021-03-22,743.5
2021-03-23,741.15
2021-03-24,702.8
2021-03-25,723.15
2021-03-26,766.85
2021-03-30,800
2021-03-31,811.85
2021-04-01,863.05
2021-04-05,867.75
2021-04-06,862.85
2021-04-07,874.85
2021-04-08,918.4
2021-04-09,899.5
2021-04-12,851.55
2021-04-13,879
2021-04-15,898.2
2021-04-16,890.25
2021-04-19,888.05
2021-04-20,894
2021-04-22,921.4
2021-04-23,925.6
2021-04-26,940.75
2021-04-27,977.75
2021-04-28,971.4
2021-04-29,1031.35
2021-04-30,1034
2021-05-03,1064.75
2021-05-04,1063.85
2021-05-05,1070.15
2021-05-06,1100.9
2021-05-07,1182.35
2021-05-10,1216.35
2021-05-11,1233.9
2021-05-12,1179.15
2021-05-14,1132.1
2021-05-17,1150.85
2021-05-18,1180
2021-05-19,1164.25
2021-05-20,1105.05
2021-05-21,1113.1
2021-05-24,1092
2021-05-25,1105.2
2021-05-26,1082.15
2021-05-27,1096.65
2021-05-28,1103.5
2021-05-31,1125.65
2021-06-01,1100.9
2021-06-02,1124.05
2021-06-03,1122
2021-06-04,1120.7
2021-06-07,1128.7
2021-06-08,1111.1
2021-06-09,1101
2021-06-10,1114.45
2021-06-11,1158.35
2021-06-14,1164.8
2021-06-15,1174.3
2021-06-16,1142.15
2021-06-17,1103.75
2021-06-18,1092.3
2021-06-21,1106.15
2021-06-22,1112.3
2021-06-23,1100.1
2021-06-24,1113.15
2021-06-25,1165.25
2021-06-28,1184
2021-06-29,1172.55
2021-06-30,1166.6
2021-07-01,1163.55
2021-07-02,1136
2021-07-05,1156.85
2021-07-06,1167.25
2021-07-07,1218.65
2021-07-08,1189.75
2021-07-09,1239.35
2021-07-12,1226.95
2021-07-13,1228.75
2021-07-14,1244.7
2021-07-15,1255.95
2021-07-16,1278.45
2021-07-19,1266.4
2021-07-20,1233.35
2021-07-22,1273
2021-07-23,1281.4
2021-07-26,1297.95
2021-07-27,1330.65
2021-07-28,1365
2021-07-29,1458.6
2021-07-30,1434.3
2021-08-02,1410.05
2021-08-03,1407.2
2021-08-04,1416.2
2021-08-05,1446.6
2021-08-06,1428.85
2021-08-09,1412.2
2021-08-10,1373.6
2021-08-11,1426.2
2021-08-12,1435.35
2021-08-13,1461.65
2021-08-16,1519.4
2021-08-17,1503.7
2021-08-18,1500.45
2021-08-20,1375.6
2021-08-23,1358.65
2021-08-24,1404.65
2021-08-25,1390.2
2021-08-26,1375.05
2021-08-27,1384.15
2021-08-30,1440.6
2021-08-31,1450.25
2021-09-01,1411.2
2021-09-02,1425.1
2021-09-03,1443.65
2021-09-06,1437
2021-09-07,1428.7
2021-09-08,1429.85
2021-09-09,1447
2021-09-13,1463.45
2021-09-14,1452.3
2021-09-15,1455.1
2021-09-16,1436.75
2021-09-17,1385.9
2021-09-20,1253.1
2021-09-21,1292.2
2021-09-22,1305.8
2021-09-23,1318.7
2021-09-24,1272.1
2021-09-27,1270.5
2021-09-28,1280.95
2021-09-29,1295.55
2021-09-30,1288.9
2021-10-01,1297.85
2021-10-04,1324.15
2021-10-05,1316.85
2021-10-06,1279.9
2021-10-07,1289.2
2021-10-08,1301.15
2021-10-11,1313.2
2021-10-12,1329.1
2021-10-13,1354.3
2021-10-14,1375.05
2021-10-18,1411.05
2021-10-19,1366.9
2021-10-20,1343.3
2021-10-21,1314.7
2021-10-22,1296.25
2021-10-25,1293.3
2021-10-26,1343.65
2021-10-27,1326.15
2021-10-28,1299.6
2021-10-29,1315.95
2021-11-01,1364.9
2021-11-02,1313.65
2021-11-03,1326.05
2021-11-04,1325.9
2021-11-08,1343.25
2021-11-09,1335.95
2021-11-10,1298.55
2021-11-11,1299.6
2021-11-12,1287.25
2021-11-15,1245.45
2021-11-16,1228.8
2021-11-17,1220.05
2021-11-18,1186.6
2021-11-22,1165.05
2021-11-23,1192.05
2021-11-24,1178.5
2021-11-25,1173.65
2021-11-26,1112.3